선수명,팀명,년도,타율,경기,타수,득점,홈런,출루율,장타율,출루율+장타율,득점권타율,추정득점,포지션,수비 승리 기여도,수비이닝 합계,도루시도,도루허용,도루성공률
페르난데스,두산,2019,0.344,144,572,87,15,0.409,0.483,0.892,0.313,104.2,['1루수'],-0.36,117,3.0,1.0,33.3
박건우,두산,2019,0.319,127,458,83,10,0.397,0.465,0.862,0.284,82.1,"['우익수', '중견수']",0.045500000000000006,1002 1/3,15.0,12.0,80.0
이흥련,두산,2019,0.310,27,42,3,0,0.341,0.405,0.746,0.222,5.1,['포수'],0.292,91,0.0,0.0,-
오재일,두산,2019,0.293,130,467,76,21,0.369,0.495,0.864,0.344,84.0,['1루수'],-0.158,1044,3.0,2.0,66.7
허경민,두산,2019,0.288,133,475,71,4,0.350,0.371,0.721,0.324,63.4,"['3루수', '2루수']",0.1315,1082,16.0,11.0,68.8
김재환,두산,2019,0.283,136,495,76,15,0.362,0.434,0.796,0.3,82.7,['좌익수'],-0.949,1010,4.0,3.0,75.0
박세혁,두산,2019,0.279,137,441,58,4,0.345,0.390,0.735,0.291,62.9,['포수'],2.67,1071 2/3,10.0,8.0,80.0
최주환,두산,2019,0.277,87,285,27,4,0.332,0.365,0.697,0.281,37.5,"['2루수', '1루수', '3루수']",-0.07066666666666667,522,0.0,0.0,-
김재호,두산,2019,0.268,130,377,51,4,0.379,0.358,0.737,0.257,59.0,['유격수'],1.701,993 1/3,6.0,3.0,50.0
정수빈,두산,2019,0.265,123,441,75,0,0.354,0.331,0.685,0.245,59.1,['중견수'],1.037,1012 2/3,34.0,26.0,76.5
류지혁,두산,2019,0.250,118,276,36,0,0.323,0.286,0.609,0.263,29.3,"['유격수', '2루수', '3루수']",0.1578,691,23.0,18.0,78.3
김인태,두산,2019,0.233,26,60,6,2,0.319,0.400,0.719,0.1,7.9,"['좌익수', '우익수']",0.1225,160,2.0,1.0,50.0
이유찬,두산,2019,0.231,25,13,6,0,0.231,0.231,0.462,0.286,1.5,"['2루수', '3루수']",-0.0475,33 2/3,5.0,5.0,100
정진호,두산,2019,0.208,66,96,13,1,0.290,0.240,0.530,0.2,7.3,"['우익수', '좌익수', '중견수']",-0.00366666666666667,271 1/3,7.0,5.0,71.4
신성현,두산,2019,0.195,35,41,9,1,0.352,0.268,0.620,0.188,6.3,"['1루수', '우익수', '중견수']",0.010666666666666665,115,0.0,0.0,-
김경호,두산,2019,0.192,32,26,4,0,0.192,0.231,0.423,0.125,0.8,"['좌익수', '중견수', '우익수']",0.0,74,0.0,0.0,-
정병곤,두산,2019,0.185,20,27,6,0,0.290,0.222,0.512,0.333,1.3,"['2루수', '유격수', '3루수']",0.060000000000000005,77 2/3,0.0,0.0,-
국해성,두산,2019,0.171,21,35,2,0,0.293,0.257,0.550,0.111,1.9,"['우익수', '좌익수']",-0.065,79,0.0,0.0,-
장승현,두산,2019,0.171,35,41,3,0,0.239,0.220,0.459,0.0,2.5,['포수'],0.448,119,0.0,0.0,-
백동훈,두산,2019,0.170,41,47,8,0,0.250,0.213,0.463,0.083,2.2,"['우익수', '중견수', '좌익수']",0.19299999999999998,139,1.0,0.0,0.0
오재원,두산,2019,0.164,98,177,30,3,0.267,0.271,0.538,0.212,13.8,"['2루수', '1루수']",-0.47750000000000004,484,8.0,6.0,75.0
권혁,두산,2019,-,1,0,0,0,-,-,-,0.0,0.0,0,0.0,0,0.0,0.0,-
김대한,두산,2019,0.000,19,15,4,0,0.167,0.000,0.167,0.0,-0.4,['중견수'],0.285,47,0.0,0.0,-
김승회,두산,2019,-,1,0,0,0,-,-,-,0.0,0.0,0,0.0,0,0.0,0.0,-
김태근,두산,2019,-,9,0,2,0,-,-,-,0.0,-0.5,0,0.0,0,3.0,1.0,33.3
박유연,두산,2019,0.000,2,1,0,0,0.000,0.000,0.000,0.0,-0.1,['포수'],-0.03,2,0.0,0.0,-
배영수,두산,2019,-,2,0,0,0,-,-,-,0.0,0.0,0,0.0,0,0.0,0.0,-
서예일,두산,2019,0.000,7,3,0,0,0.000,0.000,0.000,0.0,-0.3,['3루수'],-0.008,8,0.0,0.0,-
송승환,두산,2019,0.000,2,2,0,0,0.000,0.000,0.000,0.0,-0.2,0,0.0,0,0.0,0.0,-
이영하,두산,2019,-,1,0,0,0,-,-,-,0.0,0.0,0,0.0,0,0.0,0.0,-
전민재,두산,2019,-,2,0,0,0,-,-,-,0.0,0.0,0,0.0,0,0.0,0.0,-
함덕주,두산,2019,-,1,0,0,0,-,-,-,0.0,0.0,0,0.0,0,0.0,0.0,-
이정후,키움,2019,0.336,140,574,91,6,0.386,0.456,0.842,0.307,92.6,"['좌익수', '중견수', '우익수']",-0.19266666666666668,1142,20.0,13.0,65.0
김하성,키움,2019,0.307,139,540,112,19,0.389,0.491,0.880,0.364,104.7,"['유격수', '3루수']",0.055499999999999994,1086 1/3,37.0,33.0,89.2
샌즈,키움,2019,0.305,139,525,100,28,0.396,0.543,0.939,0.302,105.0,"['우익수', '1루수']",-1.181,1073,3.0,1.0,33.3
서건창,키움,2019,0.300,113,426,67,2,0.373,0.383,0.756,0.344,65.2,['2루수'],-0.168,481,20.0,17.0,85.0
박동원,키움,2019,0.297,112,317,50,10,0.367,0.445,0.812,0.337,49.1,['포수'],1.079,608,1.0,1.0,100
이지영,키움,2019,0.282,106,308,40,1,0.317,0.315,0.632,0.308,27.3,['포수'],0.701,605,6.0,5.0,83.3
박병호,키움,2019,0.280,122,432,92,33,0.398,0.560,0.958,0.291,98.3,['1루수'],0.508,906 2/3,1.0,0.0,0.0
김혜성,키움,2019,0.276,122,348,57,0,0.332,0.362,0.694,0.271,45.2,"['2루수', '유격수', '3루수']",0.41766666666666663,890 1/3,23.0,20.0,87.0
김웅빈,키움,2019,0.273,4,11,1,0,0.273,0.364,0.637,0.4,0.2,"['3루수', '2루수']",-0.0505,20,0.0,0.0,-
김지수,키움,2019,0.267,69,30,3,0,0.313,0.333,0.646,0.5,2.7,"['2루수', '3루수', '유격수']",-0.009666666666666665,141 1/3,0.0,0.0,-
김규민,키움,2019,0.248,94,222,33,3,0.324,0.333,0.657,0.212,24.2,"['좌익수', '중견수']",-0.053500000000000006,518,6.0,2.0,33.3
장영석,키움,2019,0.247,119,372,41,7,0.310,0.344,0.654,0.287,39.0,"['3루수', '1루수']",-0.5145,732 1/3,0.0,0.0,-
임병욱,키움,2019,0.243,117,379,39,0,0.305,0.314,0.619,0.267,36.5,['중견수'],-0.798,904 2/3,12.0,10.0,83.3
허정협,키움,2019,0.235,37,68,3,0,0.312,0.250,0.562,0.3,6.1,"['좌익수', '우익수']",-0.0024999999999999953,107,0.0,0.0,-
송성문,키움,2019,0.227,103,308,33,3,0.269,0.328,0.597,0.229,26.9,"['3루수', '2루수', '1루수']",-0.012999999999999998,659,3.0,2.0,66.7
주효상,키움,2019,0.207,18,29,3,0,0.233,0.345,0.578,0.2,2.2,['포수'],-0.012,66,0.0,0.0,-
박정음,키움,2019,0.197,60,71,13,0,0.345,0.254,0.599,0.32,7.2,"['좌익수', '중견수', '우익수']",0.052,208 1/3,11.0,6.0,54.5
예진원,키움,2019,0.167,2,6,1,0,0.375,0.333,0.708,0.5,0.9,"['좌익수', '우익수']",-0.013500000000000002,18,0.0,0.0,-
임지열,키움,2019,0.133,11,15,0,0,0.235,0.200,0.435,0.25,0.3,"['3루수', '1루수']",-0.1065,30,0.0,0.0,-
김은성,키움,2019,0.125,5,8,1,0,0.300,0.125,0.425,0.0,0.2,"['2루수', '3루수']",-0.0465,23,0.0,0.0,-
김주형,키움,2019,0.000,3,1,0,0,0.000,0.000,0.000,0.0,-0.1,['2루수'],-0.013,3,0.0,0.0,-
윤영삼,키움,2019,-,1,0,0,0,-,-,-,0.0,0.0,0,0.0,0,0.0,0.0,-
추재현,키움,2019,0.000,1,1,0,0,0.000,0.000,0.000,0.0,-0.1,['우익수'],0.065,4,0.0,0.0,-
임재현,SK,2019,0.667,6,3,1,0,0.667,0.667,1.334,0.0,0.9,"['우익수', '좌익수']",-0.0055,11,0.0,0.0,-
고종욱,SK,2019,0.323,137,492,76,3,0.347,0.421,0.768,0.341,68.6,['좌익수'],-0.042,524 2/3,41.0,31.0,75.6
최정,SK,2019,0.292,141,503,86,29,0.399,0.519,0.918,0.333,107.1,['3루수'],-0.419,1153,5.0,3.0,60.0
김재현,SK,2019,0.286,83,42,29,0,0.348,0.381,0.729,0.25,6.1,"['우익수', '중견수', '좌익수']",0.03566666666666666,141 2/3,19.0,13.0,68.4
정의윤,SK,2019,0.282,110,380,44,13,0.342,0.447,0.789,0.279,55.5,"['좌익수', '우익수']",-0.229,376,0.0,0.0,-
로맥,SK,2019,0.276,137,504,86,29,0.370,0.508,0.878,0.266,94.5,"['1루수', '3루수']",-1.137,1180 1/3,9.0,6.0,66.7
김강민,SK,2019,0.270,127,422,54,8,0.324,0.370,0.694,0.298,52.3,['중견수'],0.906,947 1/3,23.0,15.0,65.2
이재원,SK,2019,0.268,139,451,33,12,0.327,0.390,0.717,0.303,57.1,['포수'],-0.971,1041,1.0,1.0,100
한유섬,SK,2019,0.265,125,427,52,12,0.375,0.396,0.771,0.264,65.7,['우익수'],-1.135,772 2/3,1.0,0.0,0.0
김성민,SK,2019,0.250,2,4,0,0,0.250,0.250,0.500,0.0,0.2,0,0.0,0,0.0,0.0,-
노수광,SK,2019,0.250,117,388,69,2,0.333,0.312,0.645,0.333,45.7,"['좌익수', '중견수', '우익수']",0.13533333333333333,896,37.0,27.0,73.0
김성현,SK,2019,0.246,144,426,45,1,0.302,0.300,0.602,0.216,37.0,['유격수'],0.094,1143 2/3,8.0,6.0,75.0
안상현,SK,2019,0.235,65,102,14,0,0.262,0.265,0.527,0.227,6.4,"['2루수', '유격수']",0.1205,293,10.0,7.0,70.0
최항,SK,2019,0.228,52,127,12,0,0.322,0.268,0.590,0.25,12.4,"['2루수', '1루수']",0.006999999999999999,313,2.0,2.0,100
남태혁,SK,2019,0.227,12,22,1,0,0.292,0.227,0.519,0.167,0.5,['1루수'],-0.024,13,0.0,0.0,-
최승준,SK,2019,0.227,10,22,2,0,0.292,0.227,0.519,0.0,1.2,['1루수'],-0.037,26,0.0,0.0,-
배영섭,SK,2019,0.225,30,71,5,0,0.300,0.239,0.539,0.385,6.6,"['좌익수', '우익수', '중견수']",-0.023666666666666666,159 2/3,2.0,2.0,100
나주환,SK,2019,0.222,94,225,14,3,0.270,0.302,0.572,0.226,16.6,"['2루수', '3루수', '1루수']",0.40599999999999997,528,3.0,1.0,33.3
최준우,SK,2019,0.212,15,33,3,0,0.278,0.273,0.551,0.0,1.9,"['2루수', '3루수']",0.126,78,0.0,0.0,-
박정권,SK,2019,0.188,18,32,5,1,0.297,0.313,0.610,0.25,3.4,['1루수'],-0.193,42 1/3,0.0,0.0,-
정진기,SK,2019,0.188,13,16,1,0,0.235,0.188,0.423,0.5,0.7,"['우익수', '좌익수']",-0.03,41,0.0,0.0,-
김창평,SK,2019,0.178,18,45,4,0,0.260,0.222,0.482,0.25,2.5,"['2루수', '유격수']",-0.115,126,0.0,0.0,-
강승호,SK,2019,0.154,15,39,5,2,0.195,0.308,0.503,0.25,2.1,"['2루수', '유격수']",0.247,92,0.0,0.0,-
허도환,SK,2019,0.127,56,79,3,1,0.202,0.203,0.405,0.0,2.4,['포수'],-0.067,242 1/3,1.0,0.0,0.0
정현,SK,2019,0.079,27,38,3,0,0.200,0.079,0.279,0.167,0.1,"['2루수', '유격수']",0.1405,106 1/3,2.0,1.0,50.0
최경모,SK,2019,0.063,17,16,2,0,0.063,0.125,0.188,0.0,-0.6,"['2루수', '유격수']",0.026,47,0.0,0.0,-
김태훈,SK,2019,-,1,0,0,0,-,-,-,0.0,0.0,0,0.0,0,0.0,0.0,-
신재웅,SK,2019,-,1,0,0,0,-,-,-,0.0,0.0,0,0.0,0,0.0,0.0,-
오준혁,SK,2019,0.000,2,1,1,0,0.000,0.000,0.000,0.0,-0.1,0,0.0,0,0.0,0.0,-
이승진,SK,2019,-,1,0,0,0,-,-,-,0.0,0.0,0,0.0,0,0.0,0.0,-
이현석,SK,2019,0.0,2,3,0,0,0.0,0.0,0.0,0.0,-0.3,['포수'],0.049,9,0.0,0.0,-
채현우,SK,2019,0.0,9,1,2,0,0.0,0.0,0.0,0.0,0.1,0,0.0,0,4.0,3.0,75.0
최민재,SK,2019,0.0,1,2,0,0,0.0,0.0,0.0,0.0,-0.2,['우익수'],0.126,6,0.0,0.0,-
채은성,LG,2019,0.315,128,470,59,12,0.358,0.434,0.792,0.331,71.8,['우익수'],-0.319,886 1/3,4.0,2.0,50.0
이천웅,LG,2019,0.308,138,546,88,2,0.378,0.374,0.752,0.333,75.4,"['좌익수', '우익수']",-0.0925,30 2/3,31.0,21.0,67.7
김현수,LG,2019,0.304,140,526,75,11,0.370,0.437,0.807,0.329,84.2,['1루수'],-0.108,209 1/3,4.0,3.0,75.0
페게로,LG,2019,0.286,52,199,24,9,0.332,0.472,0.804,0.277,30.3,"['1루수', '우익수', '좌익수']",-0.16,233,3.0,2.0,66.7
이형종,LG,2019,0.286,120,419,56,13,0.358,0.442,0.800,0.248,68.0,"['좌익수', '우익수', '중견수']",0.19824999999999998,756 1/3,11.0,6.0,54.5
박용택,LG,2019,0.282,64,195,19,1,0.340,0.344,0.684,0.22,23.5,['좌익수'],0.078,24 2/3,4.0,3.0,75.0
조셉,LG,2019,0.274,55,197,17,9,0.332,0.426,0.758,0.263,28.3,['1루수'],0.367,357,1.0,0.0,0.0
유강남,LG,2019,0.270,132,418,44,16,0.334,0.438,0.772,0.21,56.8,['포수'],1.313,968 1/3,0.0,0.0,-
김민성,LG,2019,0.260,107,361,44,8,0.323,0.371,0.694,0.33,41.1,['3루수'],0.165,841 2/3,3.0,2.0,66.7
오지환,LG,2019,0.252,134,473,63,9,0.339,0.378,0.717,0.256,66.7,['유격수'],3.732,1101,32.0,27.0,84.4
홍창기,LG,2019,0.250,23,24,3,0,0.308,0.333,0.641,0.167,2.6,"['우익수', '좌익수', '중견수']",0.011666666666666667,52,3.0,3.0,100
전민수,LG,2019,0.240,75,96,8,0,0.305,0.313,0.618,0.241,8.0,"['우익수', '좌익수', '중견수']",-0.19033333333333335,131,3.0,2.0,66.7
서상우,LG,2019,0.238,13,21,2,0,0.333,0.286,0.619,0.0,1.9,['1루수'],-0.092,6,0.0,0.0,-
신민재,LG,2019,0.235,81,81,25,0,0.323,0.272,0.595,0.211,7.8,"['2루수', '중견수', '3루수']",-0.037333333333333336,189 1/3,18.0,10.0,55.6
정주현,LG,2019,0.231,129,376,53,2,0.291,0.309,0.600,0.195,32.9,['2루수'],1.023,972,21.0,15.0,71.4
김용의,LG,2019,0.218,114,179,35,0,0.316,0.279,0.595,0.25,18.7,"['1루수', '3루수']",0.099,505,11.0,8.0,72.7
김재성,LG,2019,0.200,3,5,0,0,0.429,0.200,0.629,0.333,0.8,['포수'],0.006,17,0.0,0.0,-
류형우,LG,2019,0.182,10,11,2,0,0.250,0.182,0.432,0.333,0.1,"['1루수', '3루수']",-0.1235,29,0.0,0.0,-
구본혁,LG,2019,0.176,57,85,10,1,0.245,0.224,0.469,0.133,5.4,"['3루수', '유격수', '2루수']",0.017000000000000005,273 1/3,3.0,2.0,66.7
백승현,LG,2019,0.167,14,30,1,0,0.167,0.200,0.367,0.0,0.2,"['3루수', '유격수', '2루수']",-0.008333333333333337,77,1.0,1.0,100
이성우,LG,2019,0.156,55,64,2,0,0.239,0.203,0.442,0.188,2.5,['포수'],0.701,210,0.0,0.0,-
양종민,LG,2019,0.136,18,44,1,0,0.170,0.182,0.352,0.083,-0.1,"['3루수', '1루수', '2루수']",-0.005666666666666667,119 2/3,0.0,0.0,-
김재율,LG,2019,0.111,4,9,0,0,0.111,0.111,0.222,0.0,-0.2,['3루수'],0.005,19,0.0,0.0,-
윤진호,LG,2019,0.102,106,59,6,1,0.117,0.186,0.303,0.188,-0.2,"['2루수', '3루수', '유격수']",0.10166666666666668,250 1/3,2.0,1.0,50.0
박지규,LG,2019,0.091,10,11,2,0,0.412,0.091,0.503,0.0,1.6,"['2루수', '3루수']",-0.07100000000000001,45,0.0,0.0,-
정상호,LG,2019,0.083,22,24,1,0,0.083,0.125,0.208,0.25,-2.0,['포수'],-0.046,64,0.0,0.0,-
고우석,LG,2019,-,1,0,0,0,-,-,-,0.0,0.0,0,0.0,0,0.0,0.0,-
문광은,LG,2019,-,2,0,0,0,-,-,-,0.0,0.0,0,0.0,0,0.0,0.0,-
양원혁,LG,2019,-,1,0,1,0,-,-,-,0.0,0.0,0,0.0,0,0.0,0.0,-
여건욱,LG,2019,-,3,0,0,0,-,-,-,0.0,0.0,0,0.0,0,0.0,0.0,-
이상영,LG,2019,-,1,0,0,0,-,-,-,0.0,0.0,0,0.0,0,0.0,0.0,-
장원삼,LG,2019,-,1,0,0,0,-,-,-,0.0,0.0,0,0.0,0,0.0,0.0,-
전준호,LG,2019,0.000,8,5,0,0,0.000,0.000,0.000,0.0,-0.5,['포수'],0.174,24,0.0,0.0,-
정우영,LG,2019,-,1,0,0,0,-,-,-,0.0,0.0,0,0.0,0,0.0,0.0,-
정찬헌,LG,2019,-,1,0,0,0,-,-,-,0.0,0.0,0,0.0,0,0.0,0.0,-
최동환,LG,2019,-,2,0,0,0,-,-,-,0.0,0.0,0,0.0,0,0.0,0.0,-
최승민,NC,2019,0.444,24,9,5,0,0.500,0.556,1.056,0.0,2.5,['중견수'],-0.081,24 1/3,8.0,6.0,75.0
나성범,NC,2019,0.366,23,93,19,4,0.443,0.645,1.088,0.28,22.1,"['중견수', '우익수']",0.033,201,3.0,2.0,66.7
양의지,NC,2019,0.354,118,390,61,20,0.438,0.574,1.012,0.364,88.7,['포수'],0.433,723 1/3,7.0,4.0,57.1
박민우,NC,2019,0.344,125,468,89,1,0.403,0.434,0.837,0.333,79.4,['2루수'],1.148,928 1/3,25.0,18.0,72.0
모창민,NC,2019,0.305,101,341,49,10,0.358,0.466,0.824,0.261,57.8,0,0.0,0,5.0,3.0,60.0
이명기,NC,2019,0.293,139,484,62,2,0.359,0.353,0.712,0.269,63.0,"['좌익수', '중견수']",0.0475,607 2/3,18.0,14.0,77.8
이상호,NC,2019,0.278,102,234,30,0,0.306,0.308,0.614,0.179,20.3,"['2루수', '1루수', '3루수']",-0.12325,522,15.0,10.0,66.7
김찬형,NC,2019,0.277,76,141,16,1,0.322,0.355,0.677,0.143,15.8,"['유격수', '3루수', '2루수']",0.05966666666666667,372 1/3,7.0,3.0,42.9
김태진,NC,2019,0.275,123,374,44,5,0.305,0.380,0.685,0.296,43.9,"['좌익수', '중견수', '3루수']",0.23220000000000002,720,16.0,12.0,75.0
박석민,NC,2019,0.267,112,360,49,19,0.393,0.478,0.871,0.28,66.3,['3루수'],-0.166,475 1/3,3.0,1.0,33.3
손시헌,NC,2019,0.267,68,135,17,2,0.317,0.356,0.673,0.3,14.6,['유격수'],0.523,344 1/3,3.0,1.0,33.3
노진혁,NC,2019,0.264,110,348,51,13,0.326,0.454,0.780,0.241,50.2,"['유격수', '3루수']",0.9495,798,1.0,0.0,0.0
이원재,NC,2019,0.258,94,256,31,8,0.311,0.395,0.706,0.279,31.6,['좌익수'],-0.146,155 2/3,3.0,1.0,33.3
권희동,NC,2019,0.256,116,348,37,6,0.358,0.356,0.714,0.227,47.5,"['우익수', '중견수']",-0.003500000000000003,509,3.0,3.0,100
김준완,NC,2019,0.250,8,16,0,0,0.316,0.250,0.566,0.0,2.0,"['우익수', '좌익수']",-0.018,36 1/3,0.0,0.0,-
윤수강,NC,2019,0.250,2,4,0,0,0.250,0.250,0.500,0.0,-0.1,['포수'],-0.009,6,0.0,0.0,-
이인혁,NC,2019,0.250,6,8,1,1,0.333,0.625,0.958,0.0,1.7,"['우익수', '중견수']",-0.020499999999999997,20,0.0,0.0,-
강진성,NC,2019,0.247,41,97,11,2,0.298,0.371,0.669,0.207,8.8,"['좌익수', '우익수']",-0.1385,135 2/3,3.0,2.0,66.7
베탄코트,NC,2019,0.246,53,203,23,8,0.308,0.404,0.712,0.267,26.8,['1루수'],-0.303,140,2.0,1.0,50.0
김성욱,NC,2019,0.230,116,287,38,9,0.302,0.387,0.689,0.297,36.4,"['중견수', '우익수']",0.133,775,10.0,6.0,60.0
스몰린스키,NC,2019,0.229,55,205,32,9,0.298,0.439,0.737,0.333,26.6,['우익수'],-0.256,455 2/3,4.0,3.0,75.0
지석훈,NC,2019,0.228,76,149,15,2,0.299,0.329,0.628,0.15,13.8,"['3루수', '유격수', '2루수']",0.10166666666666668,397,1.0,0.0,0.0
정범모,NC,2019,0.225,25,40,4,2,0.279,0.400,0.679,0.125,4.7,['포수'],0.14,103,2.0,1.0,50.0
김형준,NC,2019,0.224,55,107,13,2,0.278,0.327,0.605,0.122,9.8,['포수'],0.146,286 2/3,0.0,0.0,-
김태군,NC,2019,0.182,18,22,0,0,0.357,0.182,0.539,0.143,2.0,['포수'],0.294,71 1/3,0.0,0.0,-
김진형,NC,2019,0.150,11,20,2,0,0.136,0.200,0.336,0.0,0.6,['1루수'],-0.099,39,0.0,0.0,-
오영수,NC,2019,0.125,3,8,0,0,0.125,0.125,0.250,0.0,-0.2,0,0.0,0,0.0,0.0,-
박헌욱,NC,2019,0.111,6,9,0,0,0.111,0.222,0.333,0.333,-0.4,"['중견수', '우익수']",0.0205,25,0.0,0.0,-
강윤구,NC,2019,-,1,0,0,0,-,-,-,0.0,0.0,0,0.0,0,0.0,0.0,-
김건태,NC,2019,-,1,0,0,0,-,-,-,0.0,0.0,0,0.0,0,0.0,0.0,-
김영규,NC,2019,-,1,0,0,0,-,-,-,0.0,0.0,0,0.0,0,0.0,0.0,-
김진성,NC,2019,-,3,0,0,0,-,-,-,0.0,0.0,0,0.0,0,0.0,0.0,-
김철호,NC,2019,0.000,2,2,0,0,0.000,0.000,0.000,0.0,-0.2,['2루수'],0.0,1,0.0,0.0,-
민태호,NC,2019,-,1,0,0,0,-,-,-,0.0,0.0,0,0.0,0,0.0,0.0,-
배재환,NC,2019,-,2,0,0,0,-,-,-,0.0,0.0,0,0.0,0,0.0,0.0,-
원종현,NC,2019,-,6,0,0,0,-,-,-,0.0,0.0,0,0.0,0,0.0,0.0,-
유영준,NC,2019,0.000,3,4,0,0,0.000,0.000,0.000,0.0,-0.4,['1루수'],0.066,8,0.0,0.0,-
유원상,NC,2019,-,3,0,0,0,-,-,-,0.0,0.0,0,0.0,0,0.0,0.0,-
윤지웅,NC,2019,-,1,0,0,0,-,-,-,0.0,0.0,0,0.0,0,0.0,0.0,-
이우석,NC,2019,-,1,0,0,0,-,-,-,0.0,0.0,0,0.0,0,0.0,0.0,-
전사민,NC,2019,-,1,0,0,0,-,-,-,0.0,0.0,0,0.0,0,0.0,0.0,-
최성영,NC,2019,-,1,0,0,0,-,-,-,0.0,0.0,0,0.0,0,0.0,0.0,-
홍성무,NC,2019,-,2,0,0,0,-,-,-,0.0,0.0,0,0.0,0,0.0,0.0,-
김기환,NC,2020,0.500,4,2,1,0,0.500,1.000,1.500,0.0,0.6,['좌익수'],0.026,5,0.0,0.0,-
이재율,NC,2020,0.444,25,9,9,0,0.500,0.556,1.056,0.6,2.1,"['중견수', '좌익수']",0.0435,31,5.0,4.0,80.0
박민우,NC,2020,0.345,126,467,82,8,0.402,0.475,0.877,0.388,85.7,['2루수'],1.918,943 2/3,19.0,13.0,68.4
양의지,NC,2020,0.328,130,461,86,33,0.400,0.603,1.003,0.425,102.7,['포수'],1.381,792,7.0,5.0,71.4
나성범,NC,2020,0.324,130,525,115,34,0.390,0.596,0.986,0.338,111.0,['우익수'],-0.217,379 2/3,4.0,3.0,75.0
강진성,NC,2020,0.309,121,395,53,12,0.351,0.463,0.814,0.348,62.2,"['1루수', '우익수', '좌익수']",-0.13366666666666668,825 2/3,10.0,9.0,90.0
박석민,NC,2020,0.306,123,356,58,14,0.436,0.466,0.902,0.327,74.1,['3루수'],-1.024,825 2/3,1.0,0.0,0.0
이명기,NC,2020,0.306,136,477,82,2,0.374,0.369,0.743,0.311,67.8,"['좌익수', '중견수']",-0.23149999999999998,875,19.0,12.0,63.2
김형준,NC,2020,0.306,44,72,12,3,0.390,0.444,0.834,0.25,12.4,['포수'],0.067,164 1/3,0.0,0.0,-
모창민,NC,2020,0.301,62,136,10,2,0.340,0.449,0.789,0.282,18.9,['1루수'],-0.08,146 2/3,0.0,0.0,-
김찬형,NC,2020,0.297,56,64,10,0,0.343,0.391,0.734,0.316,9.1,"['유격수', '3루수']",-0.3185,190 2/3,4.0,3.0,75.0
김태군,NC,2020,0.292,80,113,16,1,0.347,0.372,0.719,0.323,14.4,['포수'],0.855,335 1/3,0.0,0.0,-
알테어,NC,2020,0.278,136,482,90,31,0.352,0.541,0.893,0.333,92.8,['중견수'],-1.148,1094 2/3,25.0,22.0,88.0
최정원,NC,2020,0.275,49,40,18,0,0.383,0.400,0.783,0.222,6.8,"['2루수', '좌익수', '3루수']",-0.030000000000000006,100,4.0,4.0,100
노진혁,NC,2020,0.274,132,427,70,20,0.356,0.480,0.836,0.351,69.0,"['유격수', '3루수', '1루수']",0.5393333333333333,1005,4.0,0.0,0.0
권희동,NC,2020,0.260,123,346,67,12,0.379,0.410,0.789,0.286,60.1,"['우익수', '좌익수', '중견수']",0.042333333333333334,784,3.0,3.0,100
이원재,NC,2020,0.258,73,132,15,4,0.313,0.417,0.730,0.242,17.1,['1루수'],-0.031,282 1/3,1.0,1.0,100
윤수강,NC,2020,0.250,4,4,0,0,0.250,0.250,0.500,0.0,0.2,['포수'],-0.045,5,0.0,0.0,-
김성욱,NC,2020,0.221,104,195,32,8,0.294,0.374,0.668,0.297,25.2,"['우익수', '중견수', '좌익수']",0.044333333333333336,471 2/3,17.0,12.0,70.6
김준완,NC,2020,0.215,45,65,8,1,0.320,0.277,0.597,0.158,5.8,"['우익수', '중견수', '좌익수']",0.033666666666666664,176,0.0,0.0,-
지석훈,NC,2020,0.207,87,121,22,1,0.300,0.298,0.598,0.214,11.6,"['3루수', '2루수', '유격수']",0.20925,382 2/3,1.0,1.0,100
도태훈,NC,2020,0.182,11,11,0,0,0.308,0.182,0.490,0.333,0.8,"['3루수', '1루수']",0.0635,32,0.0,0.0,-
박준영,NC,2020,0.152,32,46,4,0,0.235,0.239,0.474,0.231,1.9,"['유격수', '3루수']",-0.15849999999999997,104,1.0,1.0,100
이상호,NC,2020,0.131,82,61,18,0,0.172,0.148,0.320,0.267,-0.5,"['2루수', '1루수', '3루수']",0.0005000000000000039,206,10.0,6.0,60.0
강동연,NC,2020,-,3,0,0,0,-,-,-,0.0,0.0,0,0.0,0,0.0,0.0,-
김건태,NC,2020,-,5,0,0,0,-,-,-,0.0,0.0,0,0.0,0,0.0,0.0,-
김진성,NC,2020,-,2,0,0,0,-,-,-,0.0,0.0,0,0.0,0,0.0,0.0,-
박시원,NC,2020,0.000,1,1,0,0,0.000,0.000,0.000,0.0,-0.1,0,0.0,0,0.0,0.0,-
배민서,NC,2020,-,1,0,0,0,-,-,-,0.0,0.0,0,0.0,0,0.0,0.0,-
배재환,NC,2020,-,1,0,0,0,-,-,-,0.0,0.0,0,0.0,0,0.0,0.0,-
서호철,NC,2020,0.000,2,8,0,0,0.000,0.000,0.000,0.0,-0.7,['3루수'],-0.009,10,0.0,0.0,-
손정욱,NC,2020,-,1,0,0,0,-,-,-,0.0,0.0,0,0.0,0,0.0,0.0,-
송명기,NC,2020,-,1,0,0,0,-,-,-,0.0,0.0,0,0.0,0,0.0,0.0,-
원종현,NC,2020,-,4,0,0,0,-,-,-,0.0,0.0,0,0.0,0,0.0,0.0,-
유영준,NC,2020,0.000,4,3,0,0,0.000,0.000,0.000,0.0,-0.3,"['3루수', '2루수']",-0.009500000000000001,10,0.0,0.0,-
홍성무,NC,2020,-,1,0,0,0,-,-,-,0.0,0.0,0,0.0,0,0.0,0.0,-
페르난데스,두산,2020,0.340,144,586,104,21,0.404,0.497,0.901,0.327,108.6,['1루수'],0.197,191 2/3,1.0,0.0,0.0
허경민,두산,2020,0.332,117,437,70,7,0.382,0.442,0.824,0.375,71.6,"['3루수', '유격수']",0.5505,987,20.0,14.0,70.0
오재일,두산,2020,0.312,127,471,62,16,0.390,0.482,0.872,0.376,82.7,['1루수'],-1.551,927 1/3,3.0,2.0,66.7
최주환,두산,2020,0.306,140,509,63,16,0.366,0.473,0.839,0.349,88.1,"['2루수', '3루수', '1루수']",0.12966666666666662,1059,4.0,2.0,50.0
박건우,두산,2020,0.304,129,487,103,14,0.369,0.472,0.841,0.28,83.3,"['우익수', '중견수']",-0.2185,964,10.0,8.0,80.0
정수빈,두산,2020,0.298,141,490,84,5,0.368,0.396,0.764,0.265,72.7,['중견수'],0.21,1162 2/3,21.0,15.0,71.4
최용제,두산,2020,0.295,28,44,9,0,0.354,0.341,0.695,0.353,4.8,"['포수', '1루수']",-0.0415,116 1/3,0.0,0.0,-
김재호,두산,2020,0.289,120,402,48,2,0.362,0.346,0.708,0.252,50.3,['유격수'],0.461,961 2/3,8.0,6.0,75.0
안권수,두산,2020,0.270,68,37,10,0,0.300,0.270,0.570,0.091,3.3,"['좌익수', '우익수', '중견수']",-0.01,140,3.0,2.0,66.7
박세혁,두산,2020,0.269,124,360,47,4,0.348,0.364,0.712,0.298,49.6,['포수'],0.359,880 2/3,8.0,5.0,62.5
김재환,두산,2020,0.266,140,516,82,30,0.373,0.494,0.867,0.278,96.7,['좌익수'],-1.593,1014 2/3,6.0,6.0,100
조수행,두산,2020,0.263,44,38,12,0,0.300,0.263,0.563,0.4,3.0,"['우익수', '중견수']",-0.07899999999999999,118 2/3,5.0,3.0,60.0
권민석,두산,2020,0.260,55,50,6,0,0.291,0.300,0.591,0.357,5.5,"['3루수', '유격수', '1루수']",-0.25533333333333336,164 2/3,1.0,1.0,100
이유찬,두산,2020,0.258,101,89,30,0,0.368,0.303,0.671,0.219,12.6,"['3루수', '2루수', '유격수']",0.02266666666666667,279 2/3,17.0,13.0,76.5
신성현,두산,2020,0.250,9,4,2,0,0.571,0.500,1.071,0.0,1.4,['1루수'],-0.054,10,0.0,0.0,-
장승현,두산,2020,0.250,23,20,5,0,0.318,0.400,0.718,0.286,1.7,['포수'],0.046,62 1/3,0.0,0.0,-
서예일,두산,2020,0.240,40,25,4,0,0.310,0.320,0.630,0.0,3.1,"['2루수', '3루수', '유격수']",-0.027000000000000007,97 2/3,0.0,0.0,-
국해성,두산,2020,0.233,46,86,10,3,0.287,0.349,0.636,0.296,8.6,"['우익수', '좌익수', '1루수']",-0.19066666666666668,166,2.0,1.0,50.0
오재원,두산,2020,0.232,85,155,25,5,0.301,0.387,0.688,0.214,19.0,"['2루수', '1루수']",-0.1145,367 2/3,15.0,10.0,66.7
양찬열,두산,2020,0.227,17,22,5,0,0.346,0.227,0.573,0.4,2.3,"['우익수', '좌익수']",0.041,48 2/3,0.0,0.0,-
김인태,두산,2020,0.202,77,84,15,1,0.370,0.298,0.668,0.2,11.6,"['좌익수', '우익수']",-0.106,173 2/3,0.0,0.0,-
백동훈,두산,2020,0.188,27,16,5,0,0.316,0.250,0.566,0.0,1.5,"['우익수', '중견수', '좌익수']",0.041,56,0.0,0.0,-
정상호,두산,2020,0.163,42,86,3,0,0.180,0.233,0.413,0.154,1.3,['포수'],-0.146,223 1/3,0.0,0.0,-
권휘,두산,2020,-,1,0,0,0,-,-,-,0.0,0.0,0,0.0,0,0.0,0.0,-
김강률,두산,2020,-,2,0,0,0,-,-,-,0.0,0.0,0,0.0,0,0.0,0.0,-
김민규,두산,2020,-,3,0,0,0,-,-,-,0.0,0.0,0,0.0,0,0.0,0.0,-
박지훈,두산,2020,0.000,10,2,1,0,0.000,0.000,0.000,0.0,-0.2,['2루수'],0.001,1,0.0,0.0,-
오명진,두산,2020,0.000,5,4,0,0,0.000,0.000,0.000,0.0,-0.4,['2루수'],-0.007,4,0.0,0.0,-
윤명준,두산,2020,-,1,0,0,0,-,-,-,0.0,0.0,0,0.0,0,0.0,0.0,-
이승민,두산,2020,0.000,3,1,1,0,0.000,0.000,0.000,0.0,-0.1,['포수'],-0.028,2,0.0,0.0,-
이영하,두산,2020,-,1,0,0,0,-,-,-,0.0,0.0,0,0.0,0,0.0,0.0,-
이형범,두산,2020,-,1,0,0,0,-,-,-,0.0,0.0,0,0.0,0,0.0,0.0,-
조제영,두산,2020,-,1,0,0,0,-,-,-,0.0,0.0,0,0.0,0,0.0,0.0,-
함덕주,두산,2020,-,2,0,0,0,-,-,-,0.0,0.0,0,0.0,0,0.0,0.0,-
홍건희,두산,2020,-,1,0,0,0,-,-,-,0.0,0.0,0,0.0,0,0.0,0.0,-
로하스,KT,2020,0.349,142,550,116,47,0.417,0.680,1.097,0.351,137.9,"['우익수', '좌익수']",0.1325,890,1.0,0.0,0.0
강백호,KT,2020,0.330,129,500,95,23,0.411,0.544,0.955,0.32,104.2,"['1루수', '우익수']",-0.231,1081,9.0,7.0,77.8
황재균,KT,2020,0.312,134,541,108,21,0.370,0.512,0.882,0.324,95.3,"['3루수', '1루수']",0.41350000000000003,1125,17.0,11.0,64.7
조용호,KT,2020,0.296,132,409,73,0,0.392,0.333,0.725,0.317,59.5,"['좌익수', '우익수', '중견수']",0.005666666666666668,720,15.0,12.0,80.0
배정대,KT,2020,0.289,144,533,88,13,0.372,0.420,0.792,0.277,84.1,['중견수'],1.009,1221 1/3,35.0,22.0,62.9
박경수,KT,2020,0.281,119,324,33,13,0.381,0.454,0.835,0.268,55.8,['2루수'],0.537,746 1/3,1.0,0.0,0.0
유한준,KT,2020,0.280,119,386,48,11,0.347,0.409,0.756,0.309,53.2,"['우익수', '좌익수']",0.008999999999999998,129 2/3,0.0,0.0,-
장성우,KT,2020,0.278,130,400,39,13,0.337,0.413,0.750,0.31,54.8,['포수'],2.289,952,0.0,0.0,-
허도환,KT,2020,0.264,52,53,2,0,0.361,0.283,0.644,0.333,5.6,['포수'],-0.268,151 1/3,0.0,0.0,-
박승욱,KT,2020,0.264,97,110,23,1,0.349,0.355,0.704,0.208,15.4,"['2루수', '1루수', '유격수']",-0.182,333 2/3,6.0,5.0,83.3
문상철,KT,2020,0.260,74,154,24,8,0.314,0.461,0.775,0.191,22.1,"['1루수', '좌익수']",-0.0695,235 1/3,1.0,0.0,0.0
김민혁,KT,2020,0.239,108,222,35,5,0.312,0.347,0.659,0.21,25.1,"['좌익수', '우익수', '중견수']",-0.011333333333333334,399,12.0,8.0,66.7
심우준,KT,2020,0.235,144,476,58,3,0.291,0.300,0.591,0.258,46.0,['유격수'],0.938,1157,46.0,35.0,76.1
강민국,KT,2020,0.224,81,107,16,0,0.272,0.252,0.524,0.357,7.3,"['2루수', '유격수', '3루수']",-0.077,315 2/3,1.0,0.0,0.0
천성호,KT,2020,0.203,66,69,9,0,0.286,0.246,0.532,0.167,5.2,"['2루수', '3루수', '유격수']",-0.082,181 1/3,2.0,1.0,50.0
강현우,KT,2020,0.200,26,30,2,1,0.250,0.367,0.617,0.286,2.4,['포수'],-0.366,81 1/3,0.0,0.0,-
송민섭,KT,2020,0.195,114,41,21,1,0.292,0.341,0.633,0.1,4.9,"['좌익수', '우익수', '중견수']",0.142,217,7.0,4.0,57.1
이홍구,KT,2020,0.190,49,84,5,3,0.266,0.321,0.587,0.231,7.3,['포수'],-0.036,230,0.0,0.0,-
김병희,KT,2020,0.143,29,21,4,1,0.136,0.286,0.422,0.0,1.1,"['3루수', '1루수', '2루수']",0.012000000000000002,61,0.0,0.0,-
김민,KT,2020,-,2,0,0,0,-,-,-,0.0,0.0,0,0.0,0,0.0,0.0,-
김민수,KT,2020,-,1,0,0,0,-,-,-,0.0,0.0,0,0.0,0,0.0,0.0,-
김성훈,KT,2020,-,1,0,0,0,-,-,-,0.0,0.0,0,0.0,0,0.0,0.0,-
김재윤,KT,2020,-,2,0,0,0,-,-,-,0.0,0.0,0,0.0,0,0.0,0.0,-
김태훈,KT,2020,0.000,2,3,0,0,0.000,0.000,0.000,0.0,-0.3,0,0.0,0,0.0,0.0,-
류희운,KT,2020,-,1,0,0,0,-,-,-,0.0,0.0,0,0.0,0,0.0,0.0,-
문상인,KT,2020,0.000,3,2,0,0,0.000,0.000,0.000,0.0,-0.2,['포수'],-0.029,7,0.0,0.0,-
박준혁,KT,2020,0.000,12,2,2,0,0.000,0.000,0.000,0.0,-0.2,['우익수'],-0.036,10,0.0,0.0,-
안현준,KT,2020,-,1,0,0,0,-,-,-,0.0,0.0,0,0.0,0,0.0,0.0,-
유원상,KT,2020,-,1,0,0,0,-,-,-,0.0,0.0,0,0.0,0,0.0,0.0,-
이대은,KT,2020,-,2,0,0,0,-,-,-,0.0,0.0,0,0.0,0,0.0,0.0,-
이보근,KT,2020,-,1,0,0,0,-,-,-,0.0,0.0,0,0.0,0,0.0,0.0,-
이상화,KT,2020,-,1,0,0,0,-,-,-,0.0,0.0,0,0.0,0,0.0,0.0,-
이창재,KT,2020,-,1,0,0,0,-,-,-,0.0,0.0,0,0.0,0,0.0,0.0,-
전유수,KT,2020,-,2,0,0,0,-,-,-,0.0,0.0,0,0.0,0,0.0,0.0,-
정주후,KT,2020,0.000,10,1,3,0,0.500,0.000,0.500,0.0,-0.1,['2루수'],-0.05,7,1.0,0.0,0.0
조병욱,KT,2020,-,1,0,0,0,-,-,-,0.0,0.0,0,0.0,0,0.0,0.0,-
주권,KT,2020,-,2,0,0,0,-,-,-,0.0,0.0,0,0.0,0,0.0,0.0,-
홍현빈,KT,2020,0.000,40,18,5,0,0.217,0.000,0.217,0.0,-0.3,"['좌익수', '중견수', '우익수']",0.07566666666666666,79,1.0,0.0,0.0
손호영,LG,2020,0.367,23,30,9,0,0.387,0.433,0.820,0.5,4.7,"['3루수', '1루수', '2루수']",-0.08333333333333333,69 1/3,5.0,5.0,100
김현수,LG,2020,0.331,142,547,98,22,0.397,0.523,0.920,0.446,106.7,"['좌익수', '1루수']",-0.6085,935 2/3,2.0,0.0,0.0
신민재,LG,2020,0.308,68,26,26,0,0.400,0.346,0.746,0.4,4.4,"['중견수', '2루수']",0.045,90,10.0,8.0,80.0
오지환,LG,2020,0.300,141,527,95,10,0.362,0.461,0.823,0.293,86.9,['유격수'],3.116,1142,28.0,20.0,71.4
박용택,LG,2020,0.300,97,217,22,2,0.339,0.396,0.735,0.328,28.0,0,0.0,0,2.0,2.0,100
이형종,LG,2020,0.296,81,287,41,17,0.368,0.547,0.915,0.288,54.4,"['우익수', '좌익수', '중견수']",-0.0029999999999999936,534,1.0,1.0,100
채은성,LG,2020,0.293,109,416,59,15,0.351,0.452,0.803,0.352,63.9,['우익수'],-0.497,678 1/3,3.0,0.0,0.0
홍창기,LG,2020,0.279,135,408,87,5,0.411,0.417,0.828,0.266,74.3,"['중견수', '우익수', '좌익수']",0.3153333333333334,942 2/3,16.0,11.0,68.8
라모스,LG,2020,0.278,117,431,74,38,0.362,0.592,0.954,0.274,90.3,['1루수'],-0.799,827,2.0,2.0,100
김용의,LG,2020,0.271,101,70,28,1,0.297,0.357,0.654,0.304,7.5,"['1루수', '3루수', '우익수']",0.05319999999999999,214,10.0,7.0,70.0
박재욱,LG,2020,0.267,15,15,0,0,0.313,0.267,0.580,0.333,0.6,['포수'],-0.115,47,0.0,0.0,-
김민성,LG,2020,0.266,87,297,29,5,0.325,0.384,0.709,0.321,36.5,['3루수'],-0.378,640,3.0,2.0,66.7
유강남,LG,2020,0.261,137,429,51,16,0.330,0.415,0.745,0.352,55.0,['포수'],-0.144,1009 2/3,2.0,1.0,50.0
이천웅,LG,2020,0.256,89,312,44,3,0.333,0.333,0.666,0.279,37.9,"['중견수', '우익수']",-0.266,652 2/3,13.0,8.0,61.5
백승현,LG,2020,0.250,27,28,5,0,0.364,0.286,0.650,0.5,3.7,"['3루수', '유격수']",-0.036,111,0.0,0.0,-
정주현,LG,2020,0.247,134,328,50,4,0.312,0.338,0.650,0.253,34.8,['2루수'],0.11,896,15.0,8.0,53.3
양석환,LG,2020,0.246,40,118,8,3,0.315,0.364,0.679,0.313,14.0,"['3루수', '1루수']",-0.07649999999999998,293,0.0,0.0,-
김호은,LG,2020,0.243,69,103,12,2,0.304,0.350,0.654,0.276,10.7,"['1루수', '좌익수']",-0.016,118 1/3,0.0,0.0,-
정근우,LG,2020,0.240,72,154,23,1,0.322,0.286,0.608,0.209,15.6,"['2루수', '1루수']",-0.4675,253,9.0,7.0,77.8
이성우,LG,2020,0.234,72,77,7,3,0.289,0.364,0.653,0.316,7.7,['포수'],-0.111,236,0.0,0.0,-
장준원,LG,2020,0.217,46,60,10,1,0.284,0.317,0.601,0.154,5.5,"['3루수', '유격수', '1루수']",0.05575000000000001,186,0.0,0.0,-
전민수,LG,2020,0.200,4,5,0,0,0.333,0.200,0.533,0.0,0.5,['우익수'],-0.063,8,0.0,0.0,-
구본혁,LG,2020,0.163,125,86,20,1,0.242,0.221,0.463,0.208,4.3,"['3루수', '유격수', '2루수']",0.04933333333333333,381,0.0,0.0,-
이재원,LG,2020,0.050,16,20,1,0,0.136,0.050,0.186,0.0,-0.6,['우익수'],-0.134,43,0.0,0.0,-
김대현,LG,2020,-,1,0,0,0,-,-,-,0.0,0.0,0,0.0,0,0.0,0.0,-
남호,LG,2020,-,1,0,0,0,-,-,-,0.0,0.0,0,0.0,0,0.0,0.0,-
류원석,LG,2020,-,1,0,0,0,-,-,-,0.0,0.0,0,0.0,0,0.0,0.0,-
박지규,LG,2020,-,4,0,0,0,-,-,-,0.0,0.0,0,0.0,0,0.0,0.0,-
백청훈,LG,2020,-,1,0,0,0,-,-,-,0.0,0.0,0,0.0,0,0.0,0.0,-
송은범,LG,2020,-,4,0,0,0,-,-,-,0.0,0.0,0,0.0,0,0.0,0.0,-
이우찬,LG,2020,-,1,0,0,0,-,-,-,0.0,0.0,0,0.0,0,0.0,0.0,-
이정용,LG,2020,-,1,0,0,0,-,-,-,0.0,0.0,0,0.0,0,0.0,0.0,-
이찬혁,LG,2020,-,1,0,0,0,-,-,-,0.0,0.0,0,0.0,0,0.0,0.0,-
정우영,LG,2020,-,2,0,0,0,-,-,-,0.0,0.0,0,0.0,0,0.0,0.0,-
진해수,LG,2020,-,1,0,0,0,-,-,-,0.0,0.0,0,0.0,0,0.0,0.0,-
최동환,LG,2020,-,3,0,0,0,-,-,-,0.0,0.0,0,0.0,0,0.0,0.0,-
최성훈,LG,2020,-,3,0,0,0,-,-,-,0.0,0.0,0,0.0,0,0.0,0.0,-
최재원,LG,2020,0.000,6,6,0,0,0.000,0.000,0.000,0.0,-0.9,['중견수'],0.069,5,0.0,0.0,-
한석현,LG,2020,0.000,9,2,3,0,0.333,0.000,0.333,0.0,0.3,['우익수'],0.049,7 1/3,1.0,1.0,100
이정후,키움,2020,0.349,142,553,85,23,0.421,0.575,0.996,0.387,104.6,0,0.0,0,14.0,12.0,85.7
김혜성,키움,2020,0.318,129,516,81,4,0.373,0.403,0.776,0.295,70.8,0,0.0,0,33.0,25.0,75.8
푸이그,키움,2020,0.277,126,473,65,21,0.367,0.474,0.841,0.268,0.0,0,0.0,0,0.0,0.0,0
임지열,키움,2020,0.275,40,131,16,1,0.331,0.344,0.675,0.306,0.5,0,0.0,0,0.0,0.0,-
김태진,키움,2020,0.268,77,254,37,0,0.315,0.295,0.610,0.211,0.0,0,0.0,0,0.0,0.0,0
이지영,키움,2020,0.267,137,420,38,2,0.303,0.331,0.634,0.262,32.4,0,0.0,0,2.0,1.0,50.0
이명기,키움,2020,0.250,2,4,0,0,0.250,0.250,0.500,0.0,0.0,0,0.0,0,0.0,0.0,0
이재홍,키움,2020,0.250,4,4,0,0,0.250,0.250,0.500,0.0,0.0,0,0.0,0,0.0,0.0,0
송성문,키움,2020,0.247,142,547,67,13,0.302,0.371,0.673,0.269,0.0,0,0.0,0,0.0,0.0,0
김웅빈,키움,2020,0.226,45,115,17,1,0.326,0.313,0.639,0.129,30.8,0,0.0,0,1.0,1.0,100
박주홍,키움,2020,0.224,21,49,4,0,0.333,0.286,0.619,0.111,1.8,0,0.0,0,1.0,0.0,0.0
김휘집,키움,2020,0.222,112,333,40,8,0.326,0.336,0.662,0.177,0.0,0,0.0,0,0.0,0.0,0
박찬혁,키움,2020,0.211,52,161,13,6,0.274,0.354,0.628,0.237,0.0,0,0.0,0,0.0,0.0,0
김재현,키움,2020,0.207,56,82,4,1,0.233,0.293,0.526,0.286,-0.3,0,0.0,0,0.0,0.0,-
전병우,키움,2020,0.203,115,197,14,5,0.288,0.315,0.603,0.103,41.8,0,0.0,0,7.0,7.0,100
김주형,키움,2020,0.200,55,110,16,1,0.305,0.309,0.614,0.0,5.3,0,0.0,0,1.0,0.0,0.0
이용규,키움,2020,0.199,86,271,34,0,0.326,0.221,0.547,0.211,0.0,0,0.0,0,0.0,0.0,0
김준완,키움,2020,0.192,111,317,43,1,0.339,0.246,0.585,0.219,0.0,0,0.0,0,0.0,0.0,0
이병규,키움,2020,0.184,24,38,7,0,0.225,0.263,0.488,0.25,0.0,0,0.0,0,0.0,0.0,0
김수환,키움,2020,0.179,57,140,18,4,0.297,0.307,0.604,0.107,0.3,0,0.0,0,0.0,0.0,-
이주형,키움,2020,0.169,32,71,7,1,0.294,0.211,0.505,0.143,0.0,0,0.0,0,0.0,0.0,0
박준태,키움,2020,0.157,52,70,9,1,0.289,0.257,0.546,0.235,55.2,0,0.0,0,6.0,5.0,83.3
신준우,키움,2020,0.140,76,43,6,0,0.288,0.209,0.497,0.091,0.0,0,0.0,0,0.0,0.0,0
예진원,키움,2020,0.100,20,10,0,0,0.308,0.100,0.408,0.0,0.0,0,0.0,0,0.0,0.0,0
김시앙,키움,2020,0.083,13,12,1,0,0.154,0.083,0.237,0.0,0.0,0,0.0,0,0.0,0.0,0
강민국,키움,2020,0.000,3,3,0,0,0.250,0.000,0.250,0.0,0.0,0,0.0,0,0.0,0.0,0
김성진,키움,2020,-,2,0,0,0,-,-,-,0.0,0.0,0,0.0,0,0.0,0.0,0
김태훈,키움,2020,-,1,0,0,0,-,-,-,0.0,0.0,0,0.0,0,0.0,0.0,0
노운현,키움,2020,-,1,0,0,0,-,-,-,0.0,0.0,0,0.0,0,0.0,0.0,0
박승주,키움,2020,-,1,0,0,0,-,-,-,0.0,0.0,0,0.0,0,0.0,0.0,0
박주성,키움,2020,-,2,0,0,0,-,-,-,0.0,0.0,0,0.0,0,0.0,0.0,0
애플러,키움,2020,-,1,0,0,0,-,-,-,0.0,0.0,0,0.0,0,0.0,0.0,0
하영민,키움,2020,-,3,0,0,0,-,-,-,0.0,0.0,0,0.0,0,0.0,0.0,0
강백호,KT,2021,0.347,142,516,76,16,0.450,0.521,0.971,0.34,117.6,"['1루수', '우익수', '포수']",-0.254,1099 2/3,15.0,10.0,66.7
박승욱,KT,2021,0.333,8,6,5,0,0.333,0.500,0.833,0.333,1.0,['2루수'],-0.114,12,1.0,1.0,100
김민혁,KT,2021,0.320,75,172,22,1,0.397,0.395,0.792,0.22,26.8,"['좌익수', '우익수', '중견수']",-0.06799999999999999,244,9.0,6.0,66.7
유한준,KT,2021,0.309,104,282,30,5,0.409,0.418,0.827,0.263,48.0,['우익수'],-0.322,85,1.0,1.0,100
황재균,KT,2021,0.291,117,453,74,10,0.358,0.402,0.760,0.289,65.1,['3루수'],0.366,938 1/3,15.0,11.0,73.3
김병희,KT,2021,0.288,34,52,16,5,0.456,0.635,1.091,0.455,15.5,"['3루수', '2루수', '1루수']",-0.157,152,3.0,3.0,100
천성호,KT,2021,0.286,41,42,13,0,0.362,0.310,0.672,0.25,5.3,"['1루수', '2루수', '3루수']",-0.057999999999999996,90,1.0,1.0,100
허도환,KT,2021,0.276,62,105,8,2,0.339,0.390,0.729,0.393,13.3,['포수'],0.212,290 1/3,0.0,0.0,-
알몬테,KT,2021,0.271,60,225,18,7,0.336,0.404,0.740,0.323,29.3,['좌익수'],-0.396,241,1.0,1.0,100
심우준,KT,2021,0.268,139,407,61,6,0.323,0.371,0.694,0.271,53.4,['유격수'],1.557,1065,22.0,16.0,72.7
배정대,KT,2021,0.259,144,510,85,12,0.353,0.378,0.731,0.22,73.6,['중견수'],0.463,1189 1/3,26.0,19.0,73.1
권동진,KT,2021,0.254,86,67,21,1,0.412,0.373,0.785,0.125,11.5,"['유격수', '2루수', '3루수']",-0.04800000000000001,241 1/3,6.0,3.0,50.0
강민국,KT,2021,0.244,18,45,2,0,0.292,0.289,0.581,0.235,3.6,"['2루수', '3루수']",0.0395,108,0.0,0.0,-
오윤석,KT,2021,0.244,97,164,23,4,0.358,0.384,0.742,0.16,23.9,"['2루수', '1루수']",0.46399999999999997,429 2/3,4.0,4.0,100
호잉,KT,2021,0.239,68,259,32,11,0.313,0.417,0.730,0.238,37.5,"['우익수', '중견수']",0.22449999999999998,580,7.0,5.0,71.4
조용호,KT,2021,0.236,138,428,71,0,0.349,0.273,0.622,0.33,48.6,"['좌익수', '우익수', '중견수']",-0.4606666666666667,918,21.0,12.0,57.1
신본기,KT,2021,0.236,96,174,25,1,0.333,0.299,0.632,0.306,17.6,"['2루수', '3루수', '유격수']",0.18766666666666665,482,3.0,1.0,33.3
장성우,KT,2021,0.231,127,385,46,14,0.337,0.374,0.711,0.239,49.6,['포수'],1.47,813 1/3,3.0,1.0,33.3
김태훈,KT,2021,0.230,44,87,6,1,0.256,0.333,0.589,0.2,7.0,"['우익수', '좌익수']",-0.1185,113,1.0,1.0,100
송민섭,KT,2021,0.229,122,48,39,0,0.383,0.229,0.612,0.462,8.7,"['우익수', '좌익수', '중견수']",0.215,246 1/3,16.0,15.0,93.8
문상철,KT,2021,0.219,53,96,14,2,0.292,0.344,0.636,0.25,10.1,"['1루수', '좌익수', '3루수']",0.025333333333333336,71,2.0,2.0,100
김건형,KT,2021,0.212,11,33,4,0,0.333,0.242,0.575,0.0,3.5,['우익수'],-0.177,85,1.0,1.0,100
김준태,KT,2021,0.195,58,128,17,4,0.295,0.328,0.623,0.154,13.9,['포수'],0.055,302,0.0,0.0,-
박경수,KT,2021,0.192,118,239,24,9,0.301,0.347,0.648,0.19,25.3,['2루수'],0.103,522,1.0,0.0,0.0
홍현빈,KT,2021,0.182,43,11,8,0,0.182,0.182,0.364,0.0,-0.2,"['좌익수', '우익수']",0.10250000000000001,54 2/3,1.0,0.0,0.0
이홍구,KT,2021,0.164,37,55,4,1,0.190,0.218,0.408,0.214,0.6,['포수'],0.288,143 1/3,0.0,0.0,-
고명성,KT,2021,0.000,7,1,1,0,0.000,0.000,0.000,0.0,-0.1,['유격수'],0.007,4 2/3,0.0,0.0,-
고영표,KT,2021,-,1,0,0,0,1.000,-,1.000,0.0,0.3,0,0.0,0,0.0,0.0,-
김민수,KT,2021,-,6,0,0,0,-,-,-,0.0,0.0,0,0.0,0,0.0,0.0,-
김재윤,KT,2021,-,8,0,0,0,-,-,-,0.0,0.0,0,0.0,0,0.0,0.0,-
박시영,KT,2021,-,3,0,0,0,-,-,-,0.0,0.0,0,0.0,0,0.0,0.0,-
심재민,KT,2021,-,3,0,0,0,-,-,-,0.0,0.0,0,0.0,0,0.0,0.0,-
안영명,KT,2021,-,1,0,0,0,-,-,-,0.0,0.0,0,0.0,0,0.0,0.0,-
유원상,KT,2021,-,1,0,0,0,-,-,-,0.0,0.0,0,0.0,0,0.0,0.0,-
이대은,KT,2021,-,1,0,0,0,-,-,-,0.0,0.0,0,0.0,0,0.0,0.0,-
이창재,KT,2021,-,1,0,0,0,-,-,-,0.0,0.0,0,0.0,0,0.0,0.0,-
조현우,KT,2021,-,3,0,0,0,-,-,-,0.0,0.0,0,0.0,0,0.0,0.0,-
하준호,KT,2021,-,2,0,0,0,-,-,-,0.0,0.0,0,0.0,0,0.0,0.0,-
박지훈,두산,2021,0.333,34,12,6,0,0.429,0.417,0.846,0.333,2.4,"['1루수', '3루수', '유격수']",0.0425,35 2/3,4.0,3.0,75.0
박건우,두산,2021,0.325,126,458,82,6,0.400,0.441,0.841,0.325,78.9,"['우익수', '중견수']",-0.276,933,13.0,13.0,100
페르난데스,두산,2021,0.315,141,540,73,15,0.391,0.443,0.834,0.279,87.0,['1루수'],-0.561,140,2.0,0.0,0.0
조수행,두산,2021,0.286,115,84,34,1,0.417,0.369,0.786,0.231,16.9,"['중견수', '좌익수', '우익수']",0.08666666666666667,276,25.0,21.0,84.0
최용제,두산,2021,0.279,79,104,7,0,0.356,0.308,0.664,0.279,13.1,['포수'],-0.094,189,0.0,0.0,-
허경민,두산,2021,0.278,136,468,61,5,0.338,0.365,0.703,0.285,51.8,['3루수'],-2.361,984 2/3,12.0,5.0,41.7
김재환,두산,2021,0.274,137,475,86,27,0.382,0.501,0.883,0.338,91.3,['좌익수'],-1.475,948,5.0,2.0,40.0
양석환,두산,2021,0.273,133,488,66,28,0.337,0.490,0.827,0.29,80.1,['1루수'],-1.899,1014 1/3,5.0,2.0,40.0
박계범,두산,2021,0.267,118,322,44,5,0.368,0.357,0.725,0.267,45.3,"['유격수', '2루수', '3루수']",0.19566666666666666,831 1/3,7.0,4.0,57.1
정수빈,두산,2021,0.259,104,313,50,3,0.326,0.374,0.700,0.301,37.4,['중견수'],0.072,731 2/3,19.0,12.0,63.2
김인태,두산,2021,0.259,133,344,51,8,0.373,0.378,0.751,0.337,51.8,"['우익수', '좌익수', '1루수']",0.35566666666666663,726,2.0,0.0,0.0
안재석,두산,2021,0.255,96,200,28,2,0.317,0.345,0.662,0.213,23.4,"['유격수', '2루수', '3루수']",0.14666666666666667,481 1/3,1.0,1.0,100
전민재,두산,2021,0.250,9,4,1,0,0.200,0.250,0.450,0.0,0.6,"['3루수', '2루수']",-0.020500000000000004,12,0.0,0.0,-
강승호,두산,2021,0.239,113,301,47,7,0.301,0.375,0.676,0.287,34.6,"['2루수', '3루수', '1루수']",0.429,761 1/3,10.0,8.0,80.0
안권수,두산,2021,0.238,87,42,17,0,0.289,0.286,0.575,0.267,4.3,"['우익수', '좌익수', '중견수']",0.06866666666666667,166,3.0,3.0,100
장승현,두산,2021,0.232,92,177,18,2,0.332,0.322,0.654,0.365,21.0,['포수'],-0.077,505,0.0,0.0,-
박세혁,두산,2021,0.219,96,237,25,0,0.296,0.270,0.566,0.258,19.9,['포수'],0.627,575 1/3,6.0,4.0,66.7
권민석,두산,2021,0.214,33,14,8,0,0.267,0.357,0.624,0.25,1.2,"['2루수', '3루수', '1루수']",0.031,52,0.0,0.0,-
김재호,두산,2021,0.209,89,211,23,1,0.306,0.261,0.567,0.186,18.6,['유격수'],0.598,543,2.0,1.0,50.0
신성현,두산,2021,0.182,11,11,3,0,0.400,0.182,0.582,0.0,1.5,"['3루수', '1루수']",-0.11349999999999999,30,0.0,0.0,-
오재원,두산,2021,0.167,45,72,6,0,0.228,0.208,0.436,0.05,2.8,"['2루수', '1루수']",0.075,165,2.0,2.0,100
국해성,두산,2021,0.125,4,8,0,0,0.125,0.125,0.250,0.0,-0.1,['우익수'],0.01,13,0.0,0.0,-
권휘,두산,2021,-,2,0,0,0,-,-,-,0.0,0.0,0,0.0,0,0.0,0.0,-
김강률,두산,2021,-,8,0,0,0,-,-,-,0.0,0.0,0,0.0,0,0.0,0.0,-
김명신,두산,2021,-,4,0,0,0,-,-,-,0.0,0.0,0,0.0,0,0.0,0.0,-
김민규,두산,2021,-,2,0,0,0,-,-,-,0.0,0.0,0,0.0,0,0.0,0.0,-
김민혁,두산,2021,0.000,6,6,0,0,0.250,0.000,0.250,0.0,0.1,"['1루수', '3루수']",-0.0015,3,0.0,0.0,-
남호,두산,2021,-,1,0,0,0,-,-,-,0.0,0.0,0,0.0,0,0.0,0.0,-
문원,두산,2021,-,1,0,0,0,-,-,-,0.0,0.0,0,0.0,0,0.0,0.0,-
박성재,두산,2021,0.000,1,1,0,0,0.000,0.000,0.000,0.0,-0.1,0,0.0,0,0.0,0.0,-
박소준,두산,2021,-,1,0,0,0,-,-,-,0.0,0.0,0,0.0,0,0.0,0.0,-
박치국,두산,2021,-,1,0,0,0,-,-,-,0.0,0.0,0,0.0,0,0.0,0.0,-
백동훈,두산,2021,0.000,5,3,1,0,0.000,0.000,0.000,0.0,-0.3,['중견수'],0.142,8,0.0,0.0,-
서예일,두산,2021,0.000,5,1,0,0,0.000,0.000,0.000,0.0,-0.1,['3루수'],-0.014,7,0.0,0.0,-
오명진,두산,2021,0.000,2,3,1,0,0.000,0.000,0.000,0.0,-0.3,"['3루수', '2루수']",-0.0965,4,0.0,0.0,-
윤명준,두산,2021,-,4,0,0,0,-,-,-,0.0,0.0,0,0.0,0,0.0,0.0,-
이교훈,두산,2021,-,2,0,0,0,-,-,-,0.0,0.0,0,0.0,0,0.0,0.0,-
이승진,두산,2021,-,1,0,0,0,-,-,-,0.0,0.0,0,0.0,0,0.0,0.0,-
이영하,두산,2021,-,1,0,0,0,-,-,-,0.0,0.0,0,0.0,0,0.0,0.0,-
홍건희,두산,2021,-,1,0,0,0,-,-,-,0.0,0.0,0,0.0,0,0.0,0.0,-
황경태,두산,2021,0.000,1,1,0,0,0.000,0.000,0.000,0.0,-0.1,['2루수'],-0.068,4,0.0,0.0,-
김성표,삼성,2021,0.333,39,18,10,0,0.478,0.333,0.811,0.25,3.6,['중견수'],-0.085,65 1/3,3.0,2.0,66.7
구자욱,삼성,2021,0.306,139,543,107,22,0.361,0.519,0.880,0.283,103.8,['우익수'],0.235,1085,31.0,27.0,87.1
박해민,삼성,2021,0.291,127,454,78,5,0.383,0.377,0.760,0.327,74.3,"['중견수', '1루수']",0.3325,1004,51.0,36.0,70.6
강민호,삼성,2021,0.291,123,406,55,18,0.361,0.478,0.839,0.25,66.6,['포수'],1.144,934,0.0,0.0,-
피렐라,삼성,2021,0.286,140,553,102,29,0.359,0.495,0.854,0.288,96.3,['좌익수'],-0.46,295 1/3,15.0,9.0,60.0
오재일,삼성,2021,0.285,120,418,64,25,0.366,0.512,0.878,0.276,79.9,['1루수'],-0.317,936,1.0,1.0,100
김헌곤,삼성,2021,0.281,118,317,38,4,0.355,0.356,0.711,0.217,41.7,"['좌익수', '우익수', '중견수']",-0.17900000000000002,814 1/3,9.0,5.0,55.6
최영진,삼성,2021,0.281,44,57,9,1,0.349,0.421,0.770,0.267,8.3,"['3루수', '1루수']",-0.11649999999999999,122 2/3,1.0,1.0,100
김지찬,삼성,2021,0.274,120,296,50,1,0.331,0.304,0.635,0.278,36.7,"['유격수', '2루수', '3루수']",0.07833333333333334,762 1/3,27.0,23.0,85.2
김민수,삼성,2021,0.263,47,76,9,3,0.318,0.447,0.765,0.217,11.2,['포수'],0.056,201 1/3,0.0,0.0,-
강한울,삼성,2021,0.260,124,223,25,0,0.341,0.283,0.624,0.339,23.7,"['3루수', '유격수', '2루수']",-0.158,550 2/3,4.0,2.0,50.0
김현준,삼성,2021,0.250,13,4,2,0,0.250,0.250,0.500,0.0,-0.1,"['우익수', '좌익수']",0.0415,15 2/3,0.0,0.0,-
김동엽,삼성,2021,0.238,69,185,20,4,0.286,0.351,0.637,0.258,20.3,['좌익수'],-0.223,193 2/3,3.0,2.0,66.7
김상수,삼성,2021,0.235,132,429,46,3,0.320,0.301,0.621,0.223,43.1,['2루수'],0.017,1039,6.0,4.0,66.7
송준석,삼성,2021,0.235,19,51,5,2,0.291,0.392,0.683,0.188,5.7,['좌익수'],-0.042,90,0.0,0.0,-
이원석,삼성,2021,0.231,131,399,40,9,0.341,0.346,0.687,0.309,53.5,"['3루수', '1루수']",-0.1375,870,1.0,1.0,100
김호재,삼성,2021,0.227,87,75,9,0,0.322,0.253,0.575,0.333,7.8,"['1루수', '3루수', '유격수']",-0.0185,213,0.0,0.0,-
오선진,삼성,2021,0.214,23,42,5,0,0.283,0.214,0.497,0.154,2.1,"['유격수', '2루수']",-0.124,114,0.0,0.0,-
이학주,삼성,2021,0.206,66,155,17,4,0.276,0.335,0.611,0.244,13.8,['유격수'],-0.116,401 2/3,4.0,2.0,50.0
박승규,삼성,2021,0.182,59,66,13,3,0.299,0.333,0.632,0.143,6.3,"['좌익수', '중견수', '우익수']",0.25866666666666666,165,2.0,1.0,50.0
김성윤,삼성,2021,0.167,30,18,7,0,0.158,0.167,0.325,0.4,0.2,"['우익수', '중견수', '좌익수']",-0.10566666666666667,51 2/3,1.0,0.0,0.0
김도환,삼성,2021,0.146,25,41,1,0,0.222,0.195,0.417,0.0,1.2,['포수'],0.131,113 2/3,1.0,0.0,0.0
권정웅,삼성,2021,0.000,2,1,0,0,0.000,0.000,0.000,0.0,-0.1,['포수'],0.004,3,0.0,0.0,-
김윤수,삼성,2021,-,2,0,0,0,-,-,-,0.0,0.0,0,0.0,0,0.0,0.0,-
김응민,삼성,2021,0.000,1,2,0,0,0.000,0.000,0.000,0.0,-0.2,['포수'],-0.001,7,0.0,0.0,-
노건우,삼성,2021,-,2,0,0,0,-,-,-,0.0,0.0,0,0.0,0,0.0,0.0,-
문용익,삼성,2021,-,1,0,0,0,-,-,-,0.0,0.0,0,0.0,0,0.0,0.0,-
백승민,삼성,2021,0.000,4,3,0,0,0.000,0.000,0.000,0.0,-0.3,0,0.0,0,0.0,0.0,-
안주형,삼성,2021,-,1,0,0,0,-,-,-,0.0,0.0,0,0.0,0,0.0,0.0,-
오승환,삼성,2021,-,2,0,0,0,-,-,-,0.0,0.0,0,0.0,0,0.0,0.0,-
이재익,삼성,2021,-,1,0,0,0,-,-,-,0.0,0.0,0,0.0,0,0.0,0.0,-
이태훈,삼성,2021,0.000,3,2,0,0,0.000,0.000,0.000,0.0,-0.2,0,0.0,0,0.0,0.0,-
홍창기,LG,2021,0.328,144,524,103,4,0.456,0.408,0.864,0.343,106.4,"['중견수', '우익수', '좌익수']",-0.19199999999999998,1117 2/3,31.0,23.0,74.2
이상호,LG,2021,0.308,45,65,5,0,0.318,0.338,0.656,0.55,6.0,"['2루수', '3루수', '1루수']",-0.011749999999999997,180,3.0,2.0,66.7
한석현,LG,2021,0.286,16,21,5,0,0.385,0.476,0.861,0.0,4.3,"['좌익수', '우익수', '중견수']",-0.03533333333333333,58,2.0,2.0,100
김현수,LG,2021,0.285,140,506,70,17,0.376,0.435,0.811,0.279,88.7,"['좌익수', '1루수']",-0.279,631,3.0,3.0,100
채은성,LG,2021,0.276,110,387,59,16,0.359,0.452,0.811,0.317,64.6,['우익수'],-0.654,641 1/3,6.0,4.0,66.7
오지환,LG,2021,0.254,134,464,62,8,0.335,0.356,0.691,0.248,58.2,['유격수'],2.706,1060 2/3,18.0,12.0,66.7
서건창,LG,2021,0.253,144,513,78,6,0.350,0.343,0.693,0.24,65.6,['2루수'],0.508,1038 1/3,16.0,12.0,75.0
유강남,LG,2021,0.252,130,397,39,11,0.317,0.375,0.692,0.254,46.9,['포수'],0.678,961,2.0,2.0,100
이재원,LG,2021,0.247,62,154,22,5,0.316,0.383,0.699,0.191,19.8,"['우익수', '좌익수', '중견수']",0.07866666666666666,366,6.0,5.0,83.3
라모스,LG,2021,0.243,51,185,14,8,0.317,0.422,0.739,0.218,25.2,['1루수'],-0.246,287,0.0,0.0,-
이영빈,LG,2021,0.243,72,148,21,2,0.323,0.345,0.668,0.297,17.7,"['1루수', '2루수', '유격수']",-0.03925000000000001,296,9.0,6.0,66.7
정주현,LG,2021,0.238,73,181,26,3,0.327,0.337,0.664,0.159,20.3,['2루수'],0.204,505,6.0,3.0,50.0
문보경,LG,2021,0.230,107,278,37,8,0.337,0.363,0.700,0.324,37.5,"['1루수', '3루수', '2루수']",0.082,664,4.0,3.0,75.0
문성주,LG,2021,0.228,31,79,11,1,0.303,0.278,0.581,0.375,7.5,"['좌익수', '중견수', '우익수']",0.09466666666666666,181,2.0,1.0,50.0
김민성,LG,2021,0.222,121,360,35,8,0.313,0.350,0.663,0.207,42.7,"['3루수', '2루수', '유격수']",0.39599999999999996,861 2/3,6.0,3.0,50.0
이형종,LG,2021,0.218,90,239,32,10,0.332,0.389,0.721,0.154,30.9,"['좌익수', '우익수', '중견수']",-0.19466666666666668,305,4.0,3.0,75.0
이성우,LG,2021,0.212,36,33,0,0,0.235,0.212,0.447,0.111,1.3,['포수'],0.055,112 2/3,0.0,0.0,-
이천웅,LG,2021,0.199,68,181,20,2,0.305,0.271,0.576,0.273,13.9,"['중견수', '좌익수']",-0.11649999999999999,405,5.0,3.0,60.0
보어,LG,2021,0.170,32,100,7,3,0.265,0.280,0.545,0.16,9.2,['1루수'],-0.284,200,0.0,0.0,-
김주성,LG,2021,0.167,3,6,1,1,0.286,0.667,0.953,0.0,1.3,['3루수'],-0.258,12,0.0,0.0,-
김용의,LG,2021,0.148,102,27,19,0,0.351,0.222,0.573,0.125,4.6,"['1루수', '중견수', '좌익수']",0.206,159 2/3,6.0,6.0,100
안익훈,LG,2021,0.143,48,14,4,0,0.250,0.214,0.464,0.0,0.4,"['중견수', '우익수', '좌익수']",-0.08800000000000001,82,0.0,0.0,-
김재성,LG,2021,0.138,58,65,6,1,0.208,0.246,0.454,0.105,3.2,['포수'],-0.179,198 2/3,1.0,1.0,100
구본혁,LG,2021,0.132,123,38,10,0,0.205,0.184,0.389,0.2,2.1,"['유격수', '2루수', '3루수']",0.072,265,0.0,0.0,-
신민재,LG,2021,0.130,32,23,8,0,0.259,0.130,0.389,0.4,1.1,"['2루수', '중견수', '좌익수']",0.0008,64,3.0,2.0,66.7
이주형,LG,2021,0.125,14,16,3,0,0.222,0.125,0.347,0.0,0.4,"['1루수', '중견수']",0.05299999999999999,25,3.0,2.0,66.7
손호영,LG,2021,0.100,8,10,2,0,0.250,0.100,0.350,0.0,0.4,"['유격수', '3루수']",-0.08099999999999999,31 2/3,0.0,0.0,-
고우석,LG,2021,-,5,0,0,0,-,-,-,0.0,0.0,0,0.0,0,0.0,0.0,-
김지용,LG,2021,-,1,0,0,0,-,-,-,0.0,0.0,0,0.0,0,0.0,0.0,-
김진수,LG,2021,-,1,0,0,0,-,-,-,0.0,0.0,0,0.0,0,0.0,0.0,-
김호은,LG,2021,0.000,7,9,0,0,0.000,0.000,0.000,0.0,-0.8,['1루수'],0.021,9,0.0,0.0,-
류원석,LG,2021,-,1,0,0,0,-,-,-,0.0,0.0,0,0.0,0,0.0,0.0,-
이상규,LG,2021,-,3,0,0,0,-,-,-,0.0,0.0,0,0.0,0,0.0,0.0,-
이상영,LG,2021,-,3,0,0,0,-,-,-,0.0,0.0,0,0.0,0,0.0,0.0,-
이우찬,LG,2021,-,1,0,0,0,-,-,-,0.0,0.0,0,0.0,0,0.0,0.0,-
이정용,LG,2021,-,1,0,0,0,-,-,-,0.0,0.0,0,0.0,0,0.0,0.0,-
이찬혁,LG,2021,-,1,0,0,0,-,-,-,0.0,0.0,0,0.0,0,0.0,0.0,-
장준원,LG,2021,0.000,5,3,0,0,0.000,0.000,0.000,0.0,-0.3,['3루수'],-0.042,5,0.0,0.0,-
진해수,LG,2021,-,2,0,0,0,-,-,-,0.0,0.0,0,0.0,0,0.0,0.0,-
채원후,LG,2021,-,4,0,0,0,-,-,-,0.0,0.0,0,0.0,0,0.0,0.0,-
최민창,LG,2021,0.000,3,2,0,0,0.000,0.000,0.000,0.0,-0.2,['중견수'],0.0,3,0.0,0.0,-
최성훈,LG,2021,-,5,0,0,0,-,-,-,0.0,0.0,0,0.0,0,0.0,0.0,-
이정후,키움,2021,0.360,123,464,78,7,0.438,0.522,0.960,0.341,100.8,['중견수'],3.0,966 2/3,13.0,10.0,76.9
김혜성,키움,2021,0.304,144,559,99,3,0.372,0.367,0.739,0.289,88.0,"['유격수', '2루수']",17.5,1188 2/3,50.0,46.0,92.0
이용규,키움,2021,0.296,133,459,88,1,0.392,0.373,0.765,0.276,76.0,"['좌익수', '우익수', '중견수']",1.0,1003,19.0,17.0,89.5
송우현,키움,2021,0.296,69,250,34,3,0.370,0.416,0.786,0.361,37.3,['우익수'],1.0,561 1/3,2.0,1.0,50.0
김은성,키움,2021,0.278,6,18,1,0,0.278,0.444,0.722,0.4,1.9,['좌익수'],0.0,44,0.0,0.0,-
이지영,키움,2021,0.275,108,233,29,0,0.328,0.305,0.633,0.328,22.6,['포수'],3.0,508 2/3,4.0,3.0,75.0
프레이타스,키움,2021,0.259,43,139,13,2,0.297,0.374,0.671,0.211,13.1,"['포수', '1루수']",0.5,61 1/3,0.0,0.0,-
박동원,키움,2021,0.249,131,413,61,22,0.342,0.460,0.802,0.277,65.6,['포수'],5.0,560 1/3,2.0,2.0,100
송성문,키움,2021,0.249,66,245,30,6,0.320,0.371,0.691,0.267,30.5,"['3루수', '2루수', '1루수']",2.3333333333333335,535 2/3,0.0,0.0,-
크레익,키움,2021,0.248,61,222,25,6,0.320,0.383,0.703,0.27,27.0,"['1루수', '우익수']",1.5,366 2/3,1.0,0.0,0.0
김웅빈,키움,2021,0.241,97,232,24,6,0.357,0.384,0.741,0.315,35.0,['3루수'],4.0,364 2/3,2.0,1.0,50.0
변상권,키움,2021,0.239,72,159,19,0,0.275,0.321,0.596,0.213,14.5,"['좌익수', '중견수']",0.0,372 2/3,0.0,0.0,-
박병호,키움,2021,0.227,118,409,48,20,0.323,0.430,0.753,0.233,60.2,['1루수'],6.0,810 2/3,1.0,0.0,0.0
김수환,키움,2021,0.220,13,41,5,2,0.250,0.415,0.665,0.25,4.1,"['1루수', '3루수']",1.0,87 1/3,0.0,0.0,-
김재현,키움,2021,0.217,39,46,2,0,0.265,0.370,0.635,0.176,3.6,['포수'],1.0,139,1.0,0.0,0.0
김병휘,키움,2021,0.200,13,10,5,0,0.273,0.200,0.473,0.333,0.6,"['2루수', '유격수']",0.5,27,0.0,0.0,-
박준태,키움,2021,0.196,27,46,10,0,0.362,0.261,0.623,0.214,6.0,"['우익수', '중견수', '좌익수']",0.0,136,1.0,1.0,100
전병우,키움,2021,0.187,115,214,35,6,0.319,0.308,0.627,0.286,26.1,"['3루수', '1루수', '2루수']",2.25,618,4.0,3.0,75.0
김주형,키움,2021,0.180,36,50,5,0,0.388,0.240,0.628,0.364,7.4,"['유격수', '3루수', '2루수']",1.6666666666666667,183 2/3,1.0,1.0,100
신준우,키움,2021,0.167,56,42,7,0,0.280,0.238,0.518,0.154,2.9,"['유격수', '2루수', '3루수']",1.6666666666666667,164 1/3,1.0,0.0,0.0
이명기,키움,2021,0.167,3,6,0,0,0.375,0.167,0.542,0.0,0.7,['1루수'],0.0,12,0.0,0.0,-
예진원,키움,2021,0.158,52,114,16,1,0.248,0.254,0.502,0.105,7.1,"['중견수', '좌익수', '우익수']",0.0,303 2/3,1.0,0.0,0.0
허정협,키움,2021,0.156,29,45,5,0,0.269,0.156,0.425,0.214,2.0,"['좌익수', '우익수']",0.0,69,0.0,0.0,-
문찬종,키움,2021,0.143,13,14,0,0,0.294,0.143,0.437,0.333,0.5,"['2루수', '3루수', '유격수']",0.0,40 1/3,0.0,0.0,-
김휘집,키움,2021,0.129,34,70,9,1,0.279,0.186,0.465,0.313,5.8,"['3루수', '유격수', '2루수']",2.3333333333333335,206,1.0,1.0,100
임지열,키움,2021,0.120,19,25,5,0,0.267,0.120,0.387,0.0,0.5,"['좌익수', '우익수']",0.0,55,1.0,0.0,0.0
박주홍,키움,2021,0.106,23,47,4,0,0.250,0.149,0.399,0.071,1.5,"['좌익수', '1루수']",0.0,60,2.0,1.0,50.0
이주형,키움,2021,0.100,5,10,1,1,0.182,0.400,0.582,0.25,0.9,['좌익수'],0.0,1,0.0,0.0,-
김동욱,키움,2021,-,1,0,0,0,-,-,-,0.0,0.0,0,0.0,0,0.0,0.0,-
김성민,키움,2021,-,5,0,0,0,-,-,-,0.0,0.0,0,0.0,0,0.0,0.0,-
김성진,키움,2021,-,3,0,0,0,-,-,-,0.0,0.0,0,0.0,0,0.0,0.0,-
김재웅,키움,2021,-,3,0,0,0,-,-,-,0.0,0.0,0,0.0,0,0.0,0.0,-
김정인,키움,2021,-,3,0,0,0,-,-,-,0.0,0.0,0,0.0,0,0.0,0.0,-
김태훈,키움,2021,-,5,0,0,0,-,-,-,0.0,0.0,0,0.0,0,0.0,0.0,-
문성현,키움,2021,-,1,0,0,0,-,-,-,0.0,0.0,0,0.0,0,0.0,0.0,-
박관진,키움,2021,-,1,0,0,0,-,-,-,0.0,0.0,0,0.0,0,0.0,0.0,-
박승주,키움,2021,-,1,0,0,0,-,-,-,0.0,0.0,0,0.0,0,0.0,0.0,-
박정음,키움,2021,0.000,70,14,19,0,0.167,0.000,0.167,0.0,-0.2,"['좌익수', '중견수', '우익수']",0.0,84,6.0,4.0,66.7
양현,키움,2021,-,4,0,0,0,-,-,-,0.0,0.0,0,0.0,0,0.0,0.0,-
오주원,키움,2021,-,2,0,0,0,-,-,-,0.0,0.0,0,0.0,0,0.0,0.0,-
윤정현,키움,2021,-,1,0,0,0,-,-,-,0.0,0.0,0,0.0,0,0.0,0.0,-
이승호,키움,2021,-,3,0,0,0,-,-,-,0.0,0.0,0,0.0,0,0.0,0.0,-
장재영,키움,2021,-,1,0,0,0,-,-,-,0.0,0.0,0,0.0,0,0.0,0.0,-
조상우,키움,2021,-,4,0,0,0,-,-,-,0.0,0.0,0,0.0,0,0.0,0.0,-
조영건,키움,2021,-,1,0,0,0,-,-,-,0.0,0.0,0,0.0,0,0.0,0.0,-
라가레스,SSG,2022,0.315,49,181,24,6,0.362,0.464,0.826,0.378,29.8,['좌익수'],0.235,394 2/3,4.0,3.0,75.0
최지훈,SSG,2022,0.304,144,569,93,10,0.362,0.427,0.789,0.362,90.0,"['중견수', '좌익수', '우익수']",0.5776666666666667,1239 1/3,38.0,31.0,81.6
김강민,SSG,2022,0.303,84,178,24,5,0.375,0.449,0.824,0.317,28.9,['중견수'],0.175,341,4.0,1.0,25.0
최경모,SSG,2022,0.301,98,73,16,0,0.311,0.329,0.640,0.333,7.1,"['3루수', '2루수', '유격수']",0.15733333333333333,249,2.0,2.0,100
박성한,SSG,2022,0.298,140,494,68,2,0.375,0.374,0.749,0.31,70.7,['유격수'],2.979,1176,20.0,12.0,60.0
이정범,SSG,2022,0.273,7,11,2,0,0.273,0.273,0.546,0.5,0.8,"['우익수', '좌익수']",-0.0165,18,0.0,0.0,-
최정,SSG,2022,0.266,121,414,80,26,0.386,0.505,0.891,0.292,85.1,['3루수'],0.179,958 1/3,17.0,12.0,70.6
한유섬,SSG,2022,0.264,135,458,62,21,0.372,0.478,0.850,0.284,82.7,['우익수'],0.067,979 2/3,2.0,1.0,50.0
추신수,SSG,2022,0.259,112,409,77,16,0.382,0.430,0.812,0.299,73.8,['우익수'],0.041,17,20.0,15.0,75.0
최준우,SSG,2022,0.250,10,12,0,0,0.375,0.250,0.625,0.0,2.1,['2루수'],0.0,25,0.0,0.0,-
전의산,SSG,2022,0.249,77,241,36,13,0.316,0.481,0.797,0.323,35.1,['1루수'],-0.961,477 2/3,0.0,0.0,-
오태곤,SSG,2022,0.232,130,263,48,4,0.293,0.338,0.631,0.257,28.1,"['좌익수', '1루수', '우익수']",0.1022,673,15.0,11.0,73.3
오준혁,SSG,2022,0.230,47,61,3,0,0.288,0.262,0.550,0.286,3.4,"['우익수', '좌익수']",0.12,93 1/3,0.0,0.0,-
김재현,SSG,2022,0.222,18,18,2,0,0.222,0.278,0.500,0.222,0.3,['3루수'],-0.235,49,0.0,0.0,-
석정우,SSG,2022,0.222,9,9,1,0,0.222,0.222,0.444,0.0,0.0,"['2루수', '3루수', '유격수']",0.02866666666666667,25,1.0,0.0,0.0
크론,SSG,2022,0.222,67,243,21,11,0.255,0.420,0.675,0.158,27.6,['1루수'],-0.749,533 2/3,0.0,0.0,-
김민식,SSG,2022,0.221,104,222,30,2,0.320,0.297,0.617,0.254,24.4,['포수'],0.532,595,0.0,0.0,-
김성현,SSG,2022,0.219,130,302,38,2,0.295,0.275,0.570,0.238,24.1,"['2루수', '3루수', '유격수']",0.252,854,6.0,3.0,50.0
하재훈,SSG,2022,0.215,60,107,18,6,0.246,0.458,0.704,0.172,13.7,"['좌익수', '중견수', '우익수']",-0.11966666666666666,209 2/3,1.0,1.0,100
최주환,SSG,2022,0.211,97,298,36,9,0.288,0.362,0.650,0.195,32.5,"['2루수', '1루수']",-0.316,592 2/3,0.0,0.0,-
이재원,SSG,2022,0.201,105,234,27,4,0.296,0.278,0.574,0.208,19.4,['포수'],0.497,660 1/3,1.0,1.0,100
조형우,SSG,2022,0.167,9,12,2,0,0.231,0.250,0.481,1.0,0.6,['포수'],-0.046,20,0.0,0.0,-
안상현,SSG,2022,0.158,46,38,12,2,0.273,0.316,0.589,0.273,3.7,"['2루수', '유격수']",0.097,105,2.0,2.0,100
이현석,SSG,2022,0.133,9,15,0,0,0.133,0.133,0.266,0.25,-0.6,['포수'],-0.012,35,0.0,0.0,-
이흥련,SSG,2022,0.133,22,45,4,0,0.250,0.178,0.428,0.111,1.5,['포수'],0.046,139,0.0,0.0,-
최항,SSG,2022,0.100,15,20,0,0,0.208,0.100,0.308,0.0,0.7,"['3루수', '1루수']",-0.025,16,0.0,0.0,-
최상민,SSG,2022,0.071,27,14,3,0,0.235,0.071,0.306,0.0,0.6,"['우익수', '좌익수', '중견수']",0.0040000000000000036,58,4.0,3.0,75.0
고효준,SSG,2022,-,2,0,0,0,-,-,-,0.0,0.0,0,0.0,0,0.0,0.0,-
김규남,SSG,2022,0.000,2,5,0,0,0.000,0.000,0.000,0.0,-0.8,"['우익수', '좌익수']",-0.0245,10,0.0,0.0,-
김택형,SSG,2022,-,1,0,0,0,-,-,-,0.0,0.0,0,0.0,0,0.0,0.0,-
박민호,SSG,2022,-,1,0,0,0,-,-,-,0.0,0.0,0,0.0,0,0.0,0.0,-
서동민,SSG,2022,-,1,0,0,0,-,-,-,0.0,0.0,0,0.0,0,0.0,0.0,-
전경원,SSG,2022,0.000,1,1,0,0,0.000,0.000,0.000,0.0,-0.1,0,0.0,0,0.0,0.0,-
조요한,SSG,2022,-,1,0,0,0,-,-,-,0.0,0.0,0,0.0,0,0.0,0.0,-
최민준,SSG,2022,-,1,0,0,0,-,-,-,0.0,0.0,0,0.0,0,0.0,0.0,-
이정후,키움,2022,0.349,142,553,85,23,0.421,0.575,0.996,0.387,120.2,['중견수'],0.211,1155 1/3,5.0,5.0,100
김혜성,키움,2022,0.318,129,516,81,4,0.373,0.403,0.776,0.295,78.5,"['2루수', '유격수']",1.2365,1085 2/3,41.0,34.0,82.9
푸이그,키움,2022,0.277,126,473,65,21,0.367,0.474,0.841,0.268,83.4,['우익수'],-1.583,842 2/3,9.0,6.0,66.7
임지열,키움,2022,0.275,40,131,16,1,0.331,0.344,0.675,0.306,15.7,['좌익수'],0.031,155,1.0,1.0,100
김태진,키움,2022,0.268,77,254,37,0,0.315,0.295,0.610,0.211,23.3,"['1루수', '2루수', '좌익수']",0.011800000000000005,523,3.0,1.0,33.3
이지영,키움,2022,0.267,137,420,38,2,0.303,0.331,0.634,0.262,36.4,['포수'],2.193,994 2/3,2.0,1.0,50.0
이명기,키움,2022,0.250,2,4,0,0,0.250,0.250,0.500,0.0,0.2,0,0.0,0,0.0,0.0,-
이재홍,키움,2022,0.250,4,4,0,0,0.250,0.250,0.500,0.0,0.2,"['2루수', '3루수']",0.022000000000000002,11,0.0,0.0,-
송성문,키움,2022,0.247,142,547,67,13,0.302,0.371,0.673,0.269,63.4,['3루수'],0.953,1216,1.0,0.0,0.0
김웅빈,키움,2022,0.226,45,115,17,1,0.326,0.313,0.639,0.129,11.7,['1루수'],0.268,77 2/3,2.0,0.0,0.0
박주홍,키움,2022,0.224,21,49,4,0,0.333,0.286,0.619,0.111,5.0,"['좌익수', '우익수']",-0.007999999999999997,77,0.0,0.0,-
김휘집,키움,2022,0.222,112,333,40,8,0.326,0.336,0.662,0.177,40.9,"['유격수', '2루수', '3루수']",-0.39266666666666666,818,0.0,0.0,-
박찬혁,키움,2022,0.211,52,161,13,6,0.274,0.354,0.628,0.237,15.8,"['좌익수', '우익수', '1루수']",-0.18800000000000003,167,1.0,0.0,0.0
김재현,키움,2022,0.207,56,82,4,1,0.233,0.293,0.526,0.286,4.7,['포수'],-0.411,217 1/3,0.0,0.0,-
전병우,키움,2022,0.203,115,197,14,5,0.288,0.315,0.603,0.103,18.6,"['1루수', '3루수']",0.054,548 1/3,0.0,0.0,-
김주형,키움,2022,0.200,55,110,16,1,0.305,0.309,0.614,0.0,10.8,"['유격수', '2루수']",-0.0675,310 1/3,1.0,1.0,100
이용규,키움,2022,0.199,86,271,34,0,0.326,0.221,0.547,0.211,25.8,"['좌익수', '중견수', '우익수']",-0.13733333333333334,465 1/3,14.0,12.0,85.7
김준완,키움,2022,0.192,111,317,43,1,0.339,0.246,0.585,0.219,35.3,"['좌익수', '우익수', '중견수']",-0.27566666666666667,738 1/3,2.0,1.0,50.0
이병규,키움,2022,0.184,24,38,7,0,0.225,0.263,0.488,0.25,2.2,"['1루수', '좌익수', '중견수']",-0.010666666666666666,54,1.0,1.0,100
김수환,키움,2022,0.179,57,140,18,4,0.297,0.307,0.604,0.107,15.4,['1루수'],-0.465,297,0.0,0.0,-
이주형,키움,2022,0.169,32,71,7,1,0.294,0.211,0.505,0.143,6.2,['1루수'],-0.142,75,0.0,0.0,-
박준태,키움,2022,0.157,52,70,9,1,0.289,0.257,0.546,0.235,6.2,"['우익수', '좌익수', '중견수']",-0.06,206,0.0,0.0,-
신준우,키움,2022,0.140,76,43,6,0,0.288,0.209,0.497,0.091,3.3,"['유격수', '2루수']",0.1745,212 1/3,0.0,0.0,-
예진원,키움,2022,0.100,20,10,0,0,0.308,0.100,0.408,0.0,0.7,"['좌익수', '우익수', '중견수']",0.027999999999999997,30,0.0,0.0,-
김시앙,키움,2022,0.083,13,12,1,0,0.154,0.083,0.237,0.0,-0.5,['포수'],-0.049,36 1/3,0.0,0.0,-
강민국,키움,2022,0.000,3,3,0,0,0.250,0.000,0.250,0.0,0.1,"['유격수', '2루수']",-0.0135,7,0.0,0.0,-
김성진,키움,2022,-,2,0,0,0,-,-,-,0.0,0.0,0,0.0,0,0.0,0.0,-
김태훈,키움,2022,-,1,0,0,0,-,-,-,0.0,0.0,0,0.0,0,0.0,0.0,-
노운현,키움,2022,-,1,0,0,0,-,-,-,0.0,0.0,0,0.0,0,0.0,0.0,-
박승주,키움,2022,-,1,0,0,0,-,-,-,0.0,0.0,0,0.0,0,0.0,0.0,-
박주성,키움,2022,-,2,0,0,0,-,-,-,0.0,0.0,0,0.0,0,0.0,0.0,-
애플러,키움,2022,-,1,0,0,0,-,-,-,0.0,0.0,0,0.0,0,0.0,0.0,-
하영민,키움,2022,-,3,0,0,0,-,-,-,0.0,0.0,0,0.0,0,0.0,0.0,-
문보경,LG,2022,0.315,126,406,52,9,0.382,0.451,0.833,0.287,69.7,"['3루수', '1루수']",0.293,1006 2/3,7.0,7.0,100
문성주,LG,2022,0.303,106,327,55,6,0.401,0.422,0.823,0.265,53.0,"['우익수', '좌익수']",0.363,455 1/3,15.0,9.0,60.0
채은성,LG,2022,0.296,126,467,48,12,0.354,0.437,0.791,0.279,69.8,"['1루수', '우익수']",-0.487,968,13.0,6.0,46.2
박해민,LG,2022,0.289,144,570,97,3,0.347,0.368,0.715,0.333,78.4,['중견수'],2.591,1205,30.0,24.0,80.0
김현수,LG,2022,0.286,141,524,78,23,0.375,0.473,0.848,0.275,93.6,['좌익수'],-0.829,802 1/3,3.0,2.0,66.7
홍창기,LG,2022,0.286,118,437,76,1,0.390,0.355,0.745,0.385,66.7,"['우익수', '중견수', '좌익수']",0.14666666666666667,898,17.0,13.0,76.5
오지환,LG,2022,0.269,142,494,75,25,0.357,0.470,0.827,0.32,84.1,['유격수'],2.123,1167,27.0,20.0,74.1
이형종,LG,2022,0.264,26,53,3,0,0.323,0.321,0.644,0.231,7.3,"['우익수', '1루수']",0.087,34 2/3,0.0,0.0,-
손호영,LG,2022,0.257,36,74,13,3,0.309,0.432,0.741,0.455,9.1,"['2루수', '유격수', '3루수']",-0.0915,193,3.0,0.0,0.0
유강남,LG,2022,0.255,139,416,54,8,0.326,0.351,0.677,0.255,48.2,['포수'],1.016,1008 1/3,0.0,0.0,-
이상호,LG,2022,0.250,60,72,9,0,0.299,0.278,0.577,0.15,5.5,"['2루수', '1루수', '3루수']",-0.04925000000000001,188,3.0,1.0,33.3
허도환,LG,2022,0.247,64,85,7,1,0.281,0.341,0.622,0.174,7.3,['포수'],-0.213,254 2/3,0.0,0.0,-
송찬의,LG,2022,0.236,33,72,8,3,0.282,0.417,0.699,0.294,9.2,"['2루수', '우익수', '1루수']",0.048999999999999995,163,3.0,2.0,66.7
이재원,LG,2022,0.224,85,223,31,13,0.316,0.453,0.769,0.262,33.0,"['좌익수', '우익수', '중견수']",-0.12866666666666668,310,4.0,3.0,75.0
서건창,LG,2022,0.224,77,219,39,2,0.299,0.306,0.605,0.172,20.7,['2루수'],-0.414,474,11.0,8.0,72.7
김기연,LG,2022,0.222,12,9,0,0,0.222,0.222,0.444,0.5,0.3,['포수'],0.029,24,0.0,0.0,-
한석현,LG,2022,0.222,6,9,1,0,0.222,0.222,0.444,0.0,0.1,"['우익수', '중견수', '좌익수']",0.007999999999999998,27,1.0,0.0,0.0
김민성,LG,2022,0.207,92,140,16,3,0.273,0.300,0.573,0.211,11.1,"['3루수', '2루수']",-0.158,358 1/3,1.0,0.0,0.0
가르시아,LG,2022,0.206,39,136,21,4,0.308,0.353,0.661,0.2,15.3,"['2루수', '3루수', '유격수']",-0.048666666666666664,330 1/3,5.0,4.0,80.0
이천웅,LG,2022,0.200,19,20,3,0,0.304,0.200,0.504,0.0,1.6,"['좌익수', '중견수']",-0.041499999999999995,24,0.0,0.0,-
최민창,LG,2022,0.200,4,5,1,0,0.200,0.200,0.400,0.0,0.1,"['좌익수', '우익수', '중견수']",-0.011333333333333334,13,0.0,0.0,-
이영빈,LG,2022,0.184,60,76,16,1,0.253,0.263,0.516,0.077,4.1,"['유격수', '2루수', '1루수']",0.05266666666666667,144,0.0,0.0,-
루이즈,LG,2022,0.155,27,84,10,1,0.234,0.262,0.496,0.176,4.1,"['3루수', '2루수']",0.0295,209,1.0,1.0,100
고우석,LG,2022,0.000,4,1,0,0,0.000,0.000,0.000,0.0,-0.1,0,0.0,0,0.0,0.0,-
김진성,LG,2022,-,2,0,0,0,-,-,-,0.0,0.0,0,0.0,0,0.0,0.0,-
김호은,LG,2022,0.000,2,2,0,0,0.000,0.000,0.000,0.0,-0.2,['1루수'],-0.002,3,0.0,0.0,-
박용택,LG,2022,-,1,0,0,0,-,-,-,0.0,0.0,0,0.0,0,0.0,0.0,-
박재욱,LG,2022,-,1,0,0,0,-,-,-,0.0,0.0,0,0.0,0,0.0,0.0,-
배재준,LG,2022,-,1,0,0,0,-,-,-,0.0,0.0,0,0.0,0,0.0,0.0,-
백승현,LG,2022,-,1,0,0,0,-,-,-,0.0,0.0,0,0.0,0,0.0,0.0,-
송승기,LG,2022,-,1,0,0,0,-,-,-,0.0,0.0,0,0.0,0,0.0,0.0,-
송은범,LG,2022,-,2,0,0,0,-,-,-,0.0,0.0,0,0.0,0,0.0,0.0,-
신민재,LG,2022,0.000,14,3,2,0,0.000,0.000,0.000,0.0,-0.6,['중견수'],0.112,8,4.0,2.0,50.0
안익훈,LG,2022,0.000,14,3,0,0,0.250,0.000,0.250,0.0,0.1,"['우익수', '중견수', '좌익수']",-0.005666666666666666,25,0.0,0.0,-
정우영,LG,2022,-,1,0,0,0,-,-,-,0.0,0.0,0,0.0,0,0.0,0.0,-
진해수,LG,2022,-,1,0,0,0,-,-,-,0.0,0.0,0,0.0,0,0.0,0.0,-
채원후,LG,2022,-,1,0,0,0,-,-,-,0.0,0.0,0,0.0,0,0.0,0.0,-
최동환,LG,2022,-,4,0,0,0,-,-,-,0.0,0.0,0,0.0,0,0.0,0.0,-
최성훈,LG,2022,-,2,0,0,0,-,-,-,0.0,0.0,0,0.0,0,0.0,0.0,-
함덕주,LG,2022,-,1,0,0,0,-,-,-,0.0,0.0,0,0.0,0,0.0,0.0,-
허준혁,LG,2022,-,1,0,0,0,-,-,-,0.0,0.0,0,0.0,0,0.0,0.0,-
문상준,KT,2022,0.333,2,3,0,0,0.333,0.667,1.000,1.0,0.5,0,0.0,0,0.0,0.0,-
전진영,KT,2022,0.333,4,3,0,0,0.333,0.333,0.666,0.5,0.3,0,0.0,0,0.0,0.0,-
조용호,KT,2022,0.308,131,474,52,3,0.374,0.382,0.756,0.293,68.9,"['좌익수', '우익수']",0.1995,718,9.0,5.0,55.6
알포드,KT,2022,0.286,80,283,48,14,0.362,0.509,0.871,0.239,52.4,0,0.0,0,6.0,5.0,83.3
김민혁,KT,2022,0.284,132,373,47,0,0.349,0.322,0.671,0.279,41.2,"['좌익수', '우익수']",0.1385,393 2/3,15.0,6.0,40.0
박병호,KT,2022,0.275,124,429,72,35,0.349,0.559,0.908,0.259,83.6,0,0.0,0,8.0,5.0,62.5
김준태,KT,2022,0.273,98,231,28,4,0.360,0.403,0.763,0.25,34.8,0,0.0,0,2.0,2.0,100
배정대,KT,2022,0.266,144,508,64,6,0.339,0.356,0.695,0.281,67.7,['중견수'],-0.231,1221 1/3,23.0,19.0,82.6
황재균,KT,2022,0.262,141,519,59,10,0.335,0.380,0.715,0.303,63.2,"['3루수', '1루수']",-0.1665,1125,9.0,6.0,66.7
장성우,KT,2022,0.260,117,362,48,18,0.353,0.439,0.792,0.277,56.7,['포수'],1.547,952,1.0,1.0,100
라모스,KT,2022,0.250,18,72,10,3,0.304,0.417,0.721,0.1,9.6,0,0.0,0,2.0,2.0,100
장준원,KT,2022,0.246,35,57,7,3,0.283,0.439,0.722,0.364,5.7,0,0.0,0,1.0,1.0,100
강백호,KT,2022,0.245,62,237,24,6,0.312,0.371,0.683,0.23,27.4,['1루수'],0.005,1064,0.0,0.0,-
심우준,KT,2022,0.240,132,388,69,4,0.316,0.302,0.618,0.175,42.6,['유격수'],0.761,1157,25.0,23.0,92.0
홍현빈,KT,2022,0.237,61,76,8,0,0.326,0.263,0.589,0.087,8.0,"['좌익수', '중견수', '우익수']",0.25366666666666665,79,4.0,4.0,100
오윤석,KT,2022,0.234,112,286,23,6,0.322,0.343,0.665,0.186,34.5,0,0.0,0,3.0,2.0,66.7
문상철,KT,2022,0.224,28,49,5,2,0.269,0.408,0.677,0.083,4.9,['1루수'],-0.266,146 1/3,1.0,1.0,100
유준규,KT,2022,0.214,7,14,3,0,0.267,0.214,0.481,0.25,0.8,0,0.0,0,0.0,0.0,-
김병희,KT,2022,0.203,41,74,8,1,0.294,0.270,0.564,0.19,5.4,"['3루수', '1루수', '2루수']",-0.11299999999999999,61,3.0,0.0,0.0
신본기,KT,2022,0.182,74,121,9,1,0.254,0.231,0.485,0.179,5.9,0,0.0,0,1.0,0.0,0.0
송민섭,KT,2022,0.156,119,64,17,0,0.217,0.234,0.451,0.214,2.5,"['좌익수', '우익수', '중견수']",0.07266666666666667,217,2.0,0.0,0.0
이시원,KT,2022,0.133,31,15,6,0,0.188,0.133,0.321,0.2,0.5,0,0.0,0,2.0,2.0,100
권동진,KT,2022,0.132,48,38,9,0,0.154,0.211,0.365,0.091,1.3,0,0.0,0,4.0,4.0,100
박경수,KT,2022,0.120,100,166,13,3,0.234,0.193,0.427,0.122,7.6,['2루수'],-0.193,746 1/3,0.0,0.0,-
고명성,KT,2022,-,1,0,0,0,-,-,-,0.0,0.0,0,0.0,0,0.0,0.0,-
김재윤,KT,2022,-,1,0,0,0,-,-,-,0.0,0.0,0,0.0,0,0.0,0.0,-
김태훈,KT,2022,0.000,7,10,0,0,0.000,0.000,0.000,0.0,-0.9,0,0.0,0,0.0,0.0,-
문상인,KT,2022,0.000,12,3,2,0,0.000,0.000,0.000,0.0,-0.7,['포수'],0.026,7,0.0,0.0,-
박영현,KT,2022,-,4,0,0,0,-,-,-,0.0,0.0,0,0.0,0,0.0,0.0,-
배제성,KT,2022,-,1,0,0,0,-,-,-,0.0,0.0,0,0.0,0,0.0,0.0,-
심재민,KT,2022,-,2,0,0,0,-,-,-,0.0,0.0,0,0.0,0,0.0,0.0,-
양승혁,KT,2022,0.000,11,5,0,0,0.000,0.000,0.000,0.0,-0.6,0,0.0,0,2.0,1.0,50.0
이상우,KT,2022,-,1,0,0,0,-,-,-,0.0,0.0,0,0.0,0,0.0,0.0,-
이정현,KT,2022,-,1,0,0,0,-,-,-,0.0,0.0,0,0.0,0,0.0,0.0,-
조대현,KT,2022,0.000,6,4,0,0,0.000,0.000,0.000,0.0,-0.4,0,0.0,0,0.0,0.0,-
주권,KT,2022,-,1,0,0,0,-,-,-,0.0,0.0,0,0.0,0,0.0,0.0,-
지명성,KT,2022,-,1,0,0,0,-,-,-,0.0,0.0,0,0.0,0,0.0,0.0,-
권혁경,KIA,2022,0.500,2,2,0,0,0.500,0.500,1.000,0.5,0.4,['포수'],-0.039,4,0.0,0.0,-
김선우,KIA,2022,0.333,3,3,1,0,0.500,0.333,0.833,0.0,0.7,['포수'],-0.046,3,0.0,0.0,-
박정우,KIA,2022,0.333,16,3,2,0,0.333,0.333,0.666,0.5,0.3,['중견수'],0.059,18,0.0,0.0,-
나성범,KIA,2022,0.320,144,563,92,21,0.402,0.508,0.910,0.316,110.9,['우익수'],-0.196,1131 2/3,7.0,6.0,85.7
소크라테스,KIA,2022,0.311,127,514,83,17,0.354,0.494,0.848,0.296,82.8,"['중견수', '좌익수', '우익수']",-0.04833333333333334,1084 2/3,19.0,12.0,63.2
이창진,KIA,2022,0.301,111,346,56,7,0.374,0.402,0.776,0.29,52.3,"['좌익수', '중견수', '우익수']",-0.165,776 2/3,8.0,3.0,37.5
이우성,KIA,2022,0.292,80,120,23,1,0.361,0.375,0.736,0.258,14.1,"['좌익수', '우익수', '중견수']",-0.22433333333333336,280,4.0,1.0,25.0
김선빈,KIA,2022,0.287,140,505,51,3,0.373,0.350,0.723,0.265,69.7,['2루수'],0.071,1134 1/3,15.0,13.0,86.7
고종욱,KIA,2022,0.283,62,106,13,2,0.327,0.425,0.752,0.296,13.8,['좌익수'],-0.211,28,1.0,1.0,100
류지혁,KIA,2022,0.274,127,405,55,2,0.369,0.346,0.715,0.305,55.6,"['3루수', '1루수', '2루수']",-0.20800000000000005,950 2/3,12.0,8.0,66.7
김호령,KIA,2022,0.273,54,77,21,1,0.333,0.351,0.684,0.222,8.1,['중견수'],0.066,209,3.0,2.0,66.7
박찬호,KIA,2022,0.272,130,493,81,4,0.344,0.341,0.685,0.277,67.1,"['유격수', '2루수']",0.7085,1115 1/3,50.0,42.0,84.0
최형우,KIA,2022,0.264,132,454,55,14,0.366,0.421,0.787,0.282,71.1,['좌익수'],0.113,133,1.0,1.0,100
황대인,KIA,2022,0.256,129,476,40,14,0.315,0.401,0.716,0.296,56.4,['1루수'],-1.194,1041 1/3,0.0,0.0,-
박동원,KIA,2022,0.242,123,385,52,18,0.334,0.436,0.770,0.234,56.5,['포수'],1.141,865,1.0,1.0,100
김도영,KIA,2022,0.237,103,224,37,3,0.312,0.362,0.674,0.259,27.3,"['3루수', '유격수']",0.625,567 2/3,16.0,13.0,81.3
김규성,KIA,2022,0.180,70,50,14,1,0.196,0.280,0.476,0.077,2.6,"['2루수', '3루수', '1루수']",-0.041999999999999996,172 2/3,0.0,0.0,-
한승택,KIA,2022,0.176,66,102,11,1,0.261,0.225,0.486,0.16,6.5,['포수'],0.699,299 2/3,0.0,0.0,-
김석환,KIA,2022,0.149,51,94,15,3,0.252,0.266,0.518,0.125,6.9,"['좌익수', '1루수', '우익수']",-0.021333333333333333,204 2/3,0.0,0.0,-
최정용,KIA,2022,0.091,30,22,5,0,0.091,0.091,0.182,0.0,-0.8,"['2루수', '3루수']",-0.0155,49 2/3,0.0,0.0,-
임석진,KIA,2022,0.071,10,14,4,1,0.235,0.286,0.521,0.0,0.8,"['3루수', '1루수']",-0.012,39 2/3,0.0,0.0,-
김재열,KIA,2022,-,1,0,0,0,-,-,-,0.0,0.0,0,0.0,0,0.0,0.0,-
나지완,KIA,2022,0.000,2,1,0,0,0.000,0.000,0.000,0.0,-0.1,0,0.0,0,0.0,0.0,-
류승현,KIA,2022,0.000,3,3,0,0,0.000,0.000,0.000,0.0,-0.3,0,0.0,0,0.0,0.0,-
박민,KIA,2022,0.000,6,2,1,0,0.000,0.000,0.000,0.0,-0.2,['유격수'],0.017,3,0.0,0.0,-
신범수,KIA,2022,0.000,2,3,0,0,0.000,0.000,0.000,0.0,-0.3,['포수'],0.04,8,0.0,0.0,-
이정훈,KIA,2022,0.000,6,8,0,0,0.200,0.000,0.200,0.0,-0.1,0,0.0,0,0.0,0.0,-
이천웅,LG,2023,1.000,4,3,0,0,1.000,1.000,2.000,1.0,1.5,['좌익수'],-0.017,2,0.0,0.0,-
홍창기,LG,2023,0.332,141,524,109,1,0.444,0.412,0.856,0.361,98.6,"['우익수', '좌익수', '중견수']",0.32933333333333337,1123,46.0,23.0,50.0
안익훈,LG,2023,0.318,11,22,1,0,0.348,0.364,0.712,0.333,2.7,"['우익수', '좌익수', '중견수']",-0.005333333333333333,56,0.0,0.0,-
오스틴,LG,2023,0.313,139,520,87,23,0.376,0.517,0.893,0.299,96.6,"['1루수', '우익수']",-0.34299999999999997,939 1/3,10.0,7.0,70.0
문보경,LG,2023,0.301,131,469,77,10,0.377,0.448,0.825,0.281,78.1,['3루수'],-0.42,1090 2/3,17.0,9.0,52.9
문성주,LG,2023,0.294,136,449,77,2,0.392,0.372,0.764,0.297,69.2,"['좌익수', '우익수']",0.33299999999999996,989,38.0,24.0,63.2
김현수,LG,2023,0.293,133,488,53,6,0.364,0.383,0.747,0.348,70.6,"['좌익수', '1루수']",-0.1645,273,3.0,2.0,66.7
박해민,LG,2023,0.285,144,485,80,6,0.348,0.359,0.707,0.313,62.9,['중견수'],2.029,1187 2/3,38.0,26.0,68.4
신민재,LG,2023,0.277,122,282,47,0,0.344,0.309,0.653,0.329,33.5,"['2루수', '좌익수', '우익수']",0.07740000000000001,732,54.0,37.0,68.5
정주현,LG,2023,0.273,89,88,17,1,0.337,0.330,0.667,0.304,9.2,"['1루수', '3루수', '2루수']",-0.28025,262 2/3,6.0,1.0,16.7
오지환,LG,2023,0.268,126,422,65,8,0.371,0.396,0.767,0.298,67.7,['유격수'],1.47,1010 2/3,23.0,16.0,69.6
박동원,LG,2023,0.249,130,409,54,20,0.334,0.443,0.777,0.212,64.9,['포수'],-0.296,982,1.0,0.0,0.0
김민성,LG,2023,0.249,112,273,34,8,0.326,0.377,0.703,0.253,34.5,"['2루수', '유격수', '3루수']",0.23074999999999998,665 2/3,3.0,2.0,66.7
이재원,LG,2023,0.214,57,112,15,4,0.295,0.366,0.661,0.242,14.0,"['좌익수', '1루수', '우익수']",-0.079,205,6.0,4.0,66.7
손호영,LG,2023,0.205,27,44,8,1,0.222,0.273,0.495,0.417,0.7,"['유격수', '2루수', '3루수']",-0.027,100 2/3,3.0,2.0,66.7
김주성,LG,2023,0.200,11,5,1,0,0.429,0.200,0.629,0.0,0.8,['유격수'],-0.15,18,0.0,0.0,-
서건창,LG,2023,0.200,44,110,14,0,0.260,0.282,0.542,0.241,7.5,['2루수'],-0.337,237,6.0,3.0,50.0
허도환,LG,2023,0.141,47,64,8,2,0.243,0.281,0.524,0.333,4.5,['포수'],-0.335,212,0.0,0.0,-
김기연,LG,2023,0.118,28,34,3,0,0.231,0.118,0.349,0.167,1.1,['포수'],-0.627,96 1/3,1.0,1.0,100
김범석,LG,2023,0.111,10,27,3,1,0.138,0.259,0.397,0.125,0.8,['1루수'],-0.239,43,0.0,0.0,-
최승민,LG,2023,0.071,38,14,10,0,0.133,0.071,0.204,0.2,-0.3,"['중견수', '좌익수', '우익수']",0.010000000000000004,52 1/3,11.0,8.0,72.7
송찬의,LG,2023,0.056,19,18,2,0,0.227,0.111,0.338,0.5,0.7,"['1루수', '2루수']",-0.067,21,1.0,1.0,100
고우석,LG,2023,-,1,0,0,0,-,-,-,0.0,0.0,0,0.0,0,0.0,0.0,-
김대현,LG,2023,-,2,0,0,0,-,-,-,0.0,0.0,0,0.0,0,0.0,0.0,-
박명근,LG,2023,-,2,0,0,0,-,-,-,0.0,0.0,0,0.0,0,0.0,0.0,-
송대현,LG,2023,0.000,4,3,0,0,0.000,0.000,0.000,0.0,-0.3,['유격수'],-0.072,6,0.0,0.0,-
오석주,LG,2023,-,1,0,0,0,-,-,-,0.0,0.0,0,0.0,0,0.0,0.0,-
이정용,LG,2023,-,1,0,0,0,-,-,-,0.0,0.0,0,0.0,0,0.0,0.0,-
전준호,LG,2023,0.000,2,1,0,0,0.000,0.000,0.000,0.0,-0.1,['포수'],-0.011,3,0.0,0.0,-
최동환,LG,2023,-,3,0,0,0,-,-,-,0.0,0.0,0,0.0,0,0.0,0.0,-
김민혁,KT,2023,0.297,113,397,68,3,0.356,0.385,0.741,0.284,57.0,"['우익수', '좌익수', '중견수']",0.332,767 2/3,15.0,11.0,73.3
황재균,KT,2023,0.295,109,407,62,6,0.366,0.413,0.779,0.314,56.2,"['3루수', '유격수']",0.271,900,6.0,3.0,50.0
정준영,KT,2023,0.292,34,48,6,0,0.333,0.333,0.666,0.214,5.1,"['중견수', '우익수', '좌익수']",0.07466666666666666,128 2/3,0.0,0.0,-
안치영,KT,2023,0.290,76,124,20,0,0.331,0.331,0.662,0.276,14.8,"['우익수', '중견수', '좌익수']",-0.08999999999999998,329 2/3,8.0,7.0,87.5
알포드,KT,2023,0.289,133,491,83,15,0.356,0.456,0.812,0.303,79.6,"['좌익수', '중견수']",0.34600000000000003,863,21.0,17.0,81.0
장성우,KT,2023,0.288,131,410,37,11,0.351,0.422,0.773,0.267,60.3,['포수'],1.26,886,2.0,1.0,50.0
박병호,KT,2023,0.283,132,431,53,18,0.357,0.443,0.800,0.34,70.7,['1루수'],0.71,730 1/3,2.0,2.0,100
이호연,KT,2023,0.278,85,212,28,3,0.339,0.354,0.693,0.222,24.9,"['2루수', '3루수', '1루수']",0.14733333333333334,463,6.0,4.0,66.7
배정대,KT,2023,0.277,97,311,48,2,0.356,0.347,0.703,0.293,44.0,['중견수'],-0.14,800,16.0,13.0,81.3
김상수,KT,2023,0.271,129,443,58,3,0.353,0.339,0.692,0.336,54.7,['유격수'],0.43,1020 1/3,11.0,5.0,45.5
강백호,KT,2023,0.265,71,238,32,8,0.347,0.416,0.763,0.345,36.7,"['우익수', '1루수']",-0.114,210,3.0,3.0,100
문상철,KT,2023,0.260,112,304,30,9,0.298,0.414,0.712,0.219,38.8,"['1루수', '좌익수', '우익수']",-0.226,177 2/3,4.0,3.0,75.0
오윤석,KT,2023,0.251,82,199,24,4,0.313,0.387,0.700,0.262,22.3,"['1루수', '2루수', '3루수']",0.042666666666666665,496,4.0,3.0,75.0
박민석,KT,2023,0.250,4,4,1,0,0.250,0.250,0.500,0.0,0.2,['유격수'],-0.064,9,0.0,0.0,-
조용호,KT,2023,0.248,63,161,20,0,0.342,0.261,0.603,0.196,16.8,"['우익수', '좌익수', '중견수']",-0.12966666666666668,345,4.0,4.0,100
홍현빈,KT,2023,0.233,44,73,15,0,0.349,0.260,0.609,0.067,7.8,"['중견수', '우익수', '좌익수']",-0.012999999999999998,200 1/3,2.0,2.0,100
김준태,KT,2023,0.209,69,115,10,3,0.326,0.322,0.648,0.4,13.2,['포수'],0.199,162 2/3,1.0,1.0,100
신본기,KT,2023,0.204,40,54,8,1,0.365,0.296,0.661,0.0,8.5,"['2루수', '유격수', '3루수']",0.02033333333333333,198 2/3,1.0,0.0,0.0
문상준,KT,2023,0.200,2,5,1,0,0.200,0.200,0.400,0.0,0.1,"['2루수', '유격수']",-0.081,10,0.0,0.0,-
박경수,KT,2023,0.200,107,185,12,1,0.315,0.286,0.601,0.139,18.5,['2루수'],0.048,503,0.0,0.0,-
강현우,KT,2023,0.194,53,103,11,1,0.245,0.282,0.527,0.206,5.6,"['포수', '1루수']",0.07800000000000001,236 1/3,1.0,0.0,0.0
강민성,KT,2023,0.182,12,22,2,0,0.308,0.227,0.535,0.333,1.9,"['3루수', '1루수']",0.11750000000000001,60,0.0,0.0,-
장준원,KT,2023,0.172,69,87,10,1,0.277,0.253,0.530,0.208,7.8,"['유격수', '3루수', '2루수']",0.121,288,3.0,3.0,100
이상호,KT,2023,0.148,63,54,15,0,0.179,0.167,0.346,0.231,0.5,"['2루수', '3루수', '1루수']",-0.012249999999999997,171,2.0,2.0,100
이시원,KT,2023,0.138,29,29,4,0,0.194,0.138,0.332,0.111,0.1,"['우익수', '좌익수', '중견수']",-0.0016666666666666663,89 1/3,1.0,0.0,0.0
류현인,KT,2023,0.130,17,23,6,0,0.167,0.130,0.297,0.25,0.0,"['3루수', '2루수']",-0.084,57,0.0,0.0,-
송민섭,KT,2023,0.130,69,23,6,0,0.200,0.130,0.330,0.0,0.5,"['우익수', '중견수']",0.25,120 2/3,4.0,3.0,75.0
손민석,KT,2023,0.100,9,10,2,0,0.250,0.100,0.350,0.0,0.3,"['2루수', '유격수', '3루수']",0.011333333333333334,35,0.0,0.0,-
김민,KT,2023,-,1,0,0,0,-,-,-,0.0,0.0,0,0.0,0,0.0,0.0,-
김병준,KT,2023,0.000,3,2,0,0,0.000,0.000,0.000,0.0,-0.2,['중견수'],0.087,5,0.0,0.0,-
김병희,KT,2023,0.000,5,8,0,0,0.111,0.000,0.111,0.0,-0.4,"['3루수', '2루수']",0.030500000000000003,16,0.0,0.0,-
김영현,KT,2023,-,1,0,0,0,-,-,-,0.0,0.0,0,0.0,0,0.0,0.0,-
김재윤,KT,2023,-,5,0,0,0,-,-,-,0.0,0.0,0,0.0,0,0.0,0.0,-
문상인,KT,2023,-,1,0,0,0,1.000,-,1.000,0.0,0.3,['포수'],-0.021,3,0.0,0.0,-
박영현,KT,2023,-,3,0,0,0,-,-,-,0.0,0.0,0,0.0,0,0.0,0.0,-
이상동,KT,2023,-,1,0,0,0,-,-,-,0.0,0.0,0,0.0,0,0.0,0.0,-
이선우,KT,2023,-,1,0,0,0,-,-,-,0.0,0.0,0,0.0,0,0.0,0.0,-
이채호,KT,2023,-,1,0,0,0,-,-,-,0.0,0.0,0,0.0,0,0.0,0.0,-
하준호,KT,2023,-,1,0,0,0,-,-,-,0.0,0.0,0,0.0,0,0.0,0.0,-
김정민,SSG,2023,0.500,8,2,1,0,0.500,0.500,1.000,0.0,0.4,['우익수'],-0.022,8,0.0,0.0,-
에레디아,SSG,2023,0.323,122,473,76,12,0.385,0.461,0.846,0.338,75.9,"['좌익수', '중견수']",-0.030500000000000006,938,20.0,12.0,60.0
하재훈,SSG,2023,0.303,77,201,35,7,0.374,0.468,0.842,0.327,37.7,"['좌익수', '우익수', '중견수']",0.09100000000000001,468,11.0,11.0,100
최정,SSG,2023,0.297,128,471,94,29,0.388,0.548,0.936,0.264,96.3,['3루수'],-0.708,934 1/3,10.0,7.0,70.0
최항,SSG,2023,0.286,21,28,3,1,0.382,0.429,0.811,0.333,5.0,"['1루수', '3루수']",-0.196,47 1/3,0.0,0.0,-
한유섬,SSG,2023,0.273,109,333,29,7,0.355,0.393,0.748,0.333,51.2,"['우익수', '좌익수']",-0.8275,662 2/3,3.0,2.0,66.7
최지훈,SSG,2023,0.268,117,462,65,2,0.315,0.357,0.672,0.223,55.2,"['중견수', '우익수', '좌익수']",-0.15533333333333332,966 2/3,23.0,21.0,91.3
김성현,SSG,2023,0.268,112,310,35,1,0.328,0.323,0.651,0.23,34.0,"['2루수', '3루수', '유격수']",0.20566666666666666,790 2/3,5.0,4.0,80.0
최준우,SSG,2023,0.267,38,60,5,0,0.348,0.283,0.631,0.294,5.8,['2루수'],0.475,99,1.0,0.0,0.0
박성한,SSG,2023,0.266,128,459,53,9,0.347,0.366,0.713,0.254,62.4,['유격수'],1.982,1090 1/3,5.0,4.0,80.0
강진성,SSG,2023,0.261,58,134,10,3,0.306,0.388,0.694,0.275,15.8,"['1루수', '좌익수', '우익수']",-0.04633333333333334,256 1/3,0.0,0.0,-
추신수,SSG,2023,0.254,112,382,65,12,0.379,0.398,0.777,0.26,61.8,['우익수'],-0.442,187 1/3,10.0,6.0,60.0
안상현,SSG,2023,0.241,58,58,10,0,0.302,0.293,0.595,0.15,5.3,"['2루수', '유격수', '3루수']",-0.02266666666666667,182,4.0,3.0,75.0
오태곤,SSG,2023,0.239,123,272,37,7,0.293,0.375,0.668,0.192,33.5,"['1루수', '우익수', '좌익수']",-0.1285,676,21.0,20.0,95.2
최상민,SSG,2023,0.235,51,34,5,0,0.308,0.235,0.543,0.182,3.1,"['중견수', '우익수', '좌익수']",0.09166666666666667,114 2/3,4.0,2.0,50.0
최주환,SSG,2023,0.235,134,426,48,20,0.310,0.432,0.742,0.212,58.9,"['2루수', '1루수']",-0.46149999999999997,833 2/3,0.0,0.0,-
김찬형,SSG,2023,0.229,36,48,6,1,0.275,0.354,0.629,0.417,4.4,"['3루수', '2루수', '유격수']",-0.02466666666666667,140 2/3,0.0,0.0,-
김강민,SSG,2023,0.226,70,137,20,2,0.335,0.292,0.627,0.061,16.8,"['중견수', '우익수']",-0.0335,216,3.0,2.0,66.7
김민식,SSG,2023,0.218,122,266,28,5,0.302,0.316,0.618,0.28,27.4,['포수'],1.445,786 2/3,0.0,0.0,-
전의산,SSG,2023,0.201,56,134,11,4,0.294,0.336,0.630,0.225,14.1,['1루수'],-0.299,296,2.0,0.0,0.0
조형우,SSG,2023,0.185,62,119,9,2,0.240,0.286,0.526,0.208,8.2,['포수'],0.395,312 2/3,0.0,0.0,-
이정범,SSG,2023,0.172,15,29,2,0,0.212,0.172,0.384,0.091,1.3,"['우익수', '좌익수']",-0.0315,25 1/3,0.0,0.0,-
최경모,SSG,2023,0.150,28,20,6,0,0.150,0.150,0.300,0.167,0.3,"['3루수', '2루수']",-0.14400000000000002,69,2.0,2.0,100
이재원,SSG,2023,0.091,27,44,3,0,0.128,0.114,0.242,0.1,-1.8,['포수'],0.084,134,0.0,0.0,-
이흥련,SSG,2023,0.071,16,14,1,1,0.188,0.286,0.474,0.0,0.9,['포수'],-0.21,55,0.0,0.0,-
고명준,SSG,2023,0.000,2,4,0,0,0.000,0.000,0.000,0.0,-0.4,"['1루수', '3루수']",0.037,6 1/3,0.0,0.0,-
고효준,SSG,2023,-,2,0,0,0,-,-,-,0.0,0.0,0,0.0,0,0.0,0.0,-
김건웅,SSG,2023,0.000,1,3,0,0,0.000,0.000,0.000,0.0,-0.3,['1루수'],0.0,9,0.0,0.0,-
노경은,SSG,2023,-,1,0,0,0,-,-,-,0.0,0.0,0,0.0,0,0.0,0.0,-
류효승,SSG,2023,0.000,3,3,0,0,0.250,0.000,0.250,0.0,-0.3,0,0.0,0,0.0,0.0,-
문승원,SSG,2023,-,1,0,0,0,-,-,-,0.0,0.0,0,0.0,0,0.0,0.0,-
백승건,SSG,2023,-,1,0,0,0,-,-,-,0.0,0.0,0,0.0,0,0.0,0.0,-
서진용,SSG,2023,-,3,0,0,0,-,-,-,0.0,0.0,0,0.0,0,0.0,0.0,-
이건욱,SSG,2023,-,1,0,0,0,-,-,-,0.0,0.0,0,0.0,0,0.0,0.0,-
임준섭,SSG,2023,-,1,0,0,0,-,-,-,0.0,0.0,0,0.0,0,0.0,0.0,-
채현우,SSG,2023,-,1,0,1,0,-,-,-,0.0,0.0,0,0.0,0,0.0,0.0,-
최민준,SSG,2023,-,1,0,0,0,-,-,-,0.0,0.0,0,0.0,0,0.0,0.0,-
손아섭,NC,2023,0.339,140,551,97,5,0.393,0.443,0.836,0.339,91.7,"['우익수', '좌익수']",0.027999999999999997,409,17.0,14.0,82.4
박한결,NC,2023,0.333,12,15,3,1,0.444,0.600,1.044,0.333,3.7,['좌익수'],0.018,14,0.0,0.0,-
박건우,NC,2023,0.319,130,458,70,12,0.397,0.480,0.877,0.304,84.1,"['우익수', '중견수']",-0.35100000000000003,727 2/3,12.0,7.0,58.3
박민우,NC,2023,0.316,124,452,76,2,0.381,0.405,0.786,0.309,68.6,['2루수'],1.426,874 2/3,33.0,26.0,78.8
서호철,NC,2023,0.287,114,397,50,5,0.331,0.383,0.714,0.294,48.2,"['3루수', '2루수', '유격수']",0.35333333333333333,884 2/3,9.0,4.0,44.4
박대온,NC,2023,0.286,25,28,6,0,0.364,0.393,0.757,0.0,4.5,['포수'],-0.116,69 2/3,0.0,0.0,-
권희동,NC,2023,0.285,96,309,33,7,0.388,0.405,0.793,0.327,53.4,"['좌익수', '우익수']",-0.358,697,2.0,2.0,100
마틴,NC,2023,0.283,118,435,55,17,0.360,0.455,0.815,0.317,76.0,"['중견수', '좌익수']",-0.08199999999999999,914,18.0,15.0,83.3
최보성,NC,2023,0.263,12,19,2,0,0.333,0.263,0.596,0.2,1.5,"['3루수', '1루수', '2루수']",-0.055333333333333325,44,0.0,0.0,-
최정원,NC,2023,0.260,39,50,12,0,0.315,0.400,0.715,0.375,6.3,"['2루수', '중견수']",0.028999999999999998,105 1/3,5.0,4.0,80.0
윤형준,NC,2023,0.252,82,218,17,5,0.291,0.385,0.676,0.28,23.5,['1루수'],0.085,476,2.0,1.0,50.0
천재환,NC,2023,0.239,78,163,12,2,0.288,0.331,0.619,0.224,14.4,"['중견수', '우익수', '좌익수']",0.07833333333333332,391,5.0,2.0,40.0
김형준,NC,2023,0.236,26,72,10,6,0.321,0.514,0.835,0.294,11.4,['포수'],0.616,180,0.0,0.0,-
오영수,NC,2023,0.236,70,208,21,4,0.305,0.346,0.651,0.164,22.5,['1루수'],-0.159,482,6.0,3.0,50.0
도태훈,NC,2023,0.234,117,239,41,5,0.376,0.322,0.698,0.183,33.5,"['3루수', '1루수', '2루수']",0.22433333333333336,713,3.0,2.0,66.7
김주원,NC,2023,0.233,127,403,56,10,0.328,0.340,0.668,0.267,52.1,"['유격수', '2루수']",0.34199999999999997,1045,18.0,15.0,83.3
김성욱,NC,2023,0.223,93,179,28,6,0.303,0.380,0.683,0.102,20.6,"['좌익수', '중견수', '우익수']",-0.06099999999999998,441 2/3,7.0,6.0,85.7
김한별,NC,2023,0.216,79,97,8,0,0.262,0.237,0.499,0.25,3.0,"['유격수', '2루수', '3루수']",0.076,289 2/3,3.0,0.0,0.0
김수윤,NC,2023,0.214,16,14,0,0,0.267,0.214,0.481,0.4,0.8,['3루수'],-0.136,29,0.0,0.0,-
박세혁,NC,2023,0.211,88,242,35,6,0.307,0.347,0.654,0.205,28.1,['포수'],0.169,620,2.0,1.0,50.0
조현진,NC,2023,0.200,10,5,0,0,0.200,0.200,0.400,0.0,-0.2,['유격수'],-0.048,13,0.0,0.0,-
한석현,NC,2023,0.200,27,60,5,0,0.250,0.217,0.467,0.333,2.5,"['좌익수', '중견수']",0.108,145 2/3,3.0,2.0,66.7
안중열,NC,2023,0.195,77,154,15,4,0.276,0.312,0.588,0.184,13.3,['포수'],-0.675,411 2/3,0.0,0.0,-
박석민,NC,2023,0.193,30,88,9,1,0.321,0.239,0.560,0.231,7.8,"['3루수', '1루수']",-0.289,164,0.0,0.0,-
박주찬,NC,2023,0.143,5,14,1,0,0.143,0.143,0.286,0.0,-0.1,"['3루수', '1루수']",-0.075,35,0.0,0.0,-
오장한,NC,2023,0.143,3,7,2,0,0.250,0.143,0.393,0.0,0.3,"['우익수', '좌익수']",0.0015000000000000005,17,0.0,0.0,-
박영빈,NC,2023,0.071,41,14,11,0,0.133,0.143,0.276,0.0,0.0,"['중견수', '좌익수']",0.0755,34,6.0,4.0,66.7
김시훈,NC,2023,-,1,0,0,0,-,-,-,0.0,0.0,0,0.0,0,0.0,0.0,-
류진욱,NC,2023,-,2,0,0,0,-,-,-,0.0,0.0,0,0.0,0,0.0,0.0,-
오태양,NC,2023,0.000,21,3,4,0,0.000,0.000,0.000,0.0,-0.7,"['중견수', '2루수']",-0.1,12,6.0,3.0,50.0
이용찬,NC,2023,-,2,0,0,0,-,-,-,0.0,0.0,0,0.0,0,0.0,0.0,-
전사민,NC,2023,0.000,1,1,0,0,0.000,0.000,0.000,0.0,-0.1,0,0.0,0,0.0,0.0,-
채원후,NC,2023,-,1,0,0,0,-,-,-,0.0,0.0,0,0.0,0,0.0,0.0,-
한재승,NC,2023,-,1,0,0,0,-,-,-,0.0,0.0,0,0.0,0,0.0,0.0,-
양의지,두산,2023,0.305,129,439,56,17,0.396,0.474,0.870,0.315,77.7,['포수'],1.982,773,8.0,8.0,100
홍성호,두산,2023,0.292,21,48,6,0,0.333,0.375,0.708,0.231,5.4,"['좌익수', '좌익수', '1루수']",-0.0245,50,1.0,0.0,0.0
정수빈,두산,2023,0.287,137,498,75,2,0.375,0.371,0.746,0.253,78.9,['중견수'],0.547,1111,47.0,39.0,83.0
김재호,두산,2023,0.283,91,247,32,3,0.376,0.372,0.748,0.303,35.3,"['유격수', '3루수', '3루수']",0.35800000000000004,615 1/3,4.0,4.0,100
양석환,두산,2023,0.281,140,524,73,21,0.333,0.454,0.787,0.261,81.6,['1루수'],-0.122,920 2/3,4.0,4.0,100
허경민,두산,2023,0.268,130,429,44,7,0.328,0.375,0.703,0.224,55.2,['3루수'],0.738,997 2/3,12.0,9.0,75.0
박유연,두산,2023,0.267,10,15,3,0,0.267,0.400,0.667,0.0,1.5,0,0.0,0,0.0,0.0,-
강승호,두산,2023,0.265,127,419,51,7,0.316,0.387,0.703,0.273,49.2,"['2루수', '1루수']",0.08449999999999999,964 1/3,19.0,13.0,68.4
김인태,두산,2023,0.255,47,98,8,1,0.360,0.337,0.697,0.313,12.9,0,0.0,0,3.0,2.0,66.7
로하스,두산,2023,0.253,122,403,52,19,0.345,0.474,0.819,0.255,67.1,"['좌익수', '우익수']",-0.8745,738,1.0,0.0,0.0
이유찬,두산,2023,0.243,104,210,31,1,0.316,0.310,0.626,0.17,23.3,"['2루수', '유격수', '3루수']",0.1885,589 1/3,17.0,12.0,70.6
양찬열,두산,2023,0.239,44,88,15,0,0.313,0.307,0.620,0.259,9.1,"['우익수', '좌익수', '좌익수']",0.019,232 2/3,5.0,3.0,60.0
전민재,두산,2023,0.235,19,17,3,0,0.235,0.353,0.588,0.2,-0.4,"['유격수', '유격수', '1루수']",-0.0016666666666666663,45,3.0,0.0,0.0
송승환,두산,2023,0.229,30,70,10,0,0.270,0.300,0.570,0.158,4.6,0,0.0,0,1.0,0.0,0.0
박준영,두산,2023,0.228,51,127,16,4,0.290,0.417,0.707,0.31,15.5,"['3루수', '2루수', '2루수']",0.13566666666666669,184 2/3,3.0,2.0,66.7
서예일,두산,2023,0.222,5,9,2,0,0.200,0.222,0.422,0.0,0.7,"['2루수', '2루수', '3루수']",-0.0095,42,0.0,0.0,-
김재환,두산,2023,0.220,132,405,40,10,0.343,0.331,0.674,0.264,51.8,['좌익수'],-0.749,440,4.0,3.0,75.0
조수행,두산,2023,0.219,126,219,41,1,0.298,0.251,0.549,0.236,21.3,"['우익수', '중견수', '좌익수']",0.12366666666666666,580 2/3,32.0,26.0,81.3
박계범,두산,2023,0.219,78,169,18,2,0.286,0.290,0.576,0.127,14.7,['유격수'],-0.153,267 1/3,4.0,2.0,50.0
김태근,두산,2023,0.212,41,52,9,0,0.226,0.269,0.495,0.118,1.8,0,0.0,0,3.0,0.0,0.0
박지훈,두산,2023,0.211,22,19,2,0,0.286,0.263,0.549,0.333,1.7,"['3루수', '3루수', '유격수']",-0.0315,20,1.0,1.0,100
안승한,두산,2023,0.208,22,24,1,0,0.296,0.208,0.504,0.333,1.9,0,0.0,0,1.0,1.0,100
김대한,두산,2023,0.198,33,81,10,1,0.270,0.296,0.566,0.125,6.1,"['우익수', '중견수', '중견수']",-0.326,195,4.0,1.0,25.0
안재석,두산,2023,0.188,27,64,8,1,0.221,0.297,0.518,0.118,4.9,"['3루수', '3루수', '2루수']",0.024,102,2.0,2.0,100
장승현,두산,2023,0.158,76,139,11,3,0.235,0.230,0.465,0.111,7.6,['포수'],-0.182,390 1/3,1.0,1.0,100
김민혁,두산,2023,0.138,21,29,2,0,0.250,0.172,0.422,0.125,1.2,0,0.0,0,0.0,0.0,-
신성현,두산,2023,0.083,12,12,1,0,0.267,0.083,0.350,0.2,0.2,"['1루수', '1루수', '우익수']",-0.010499999999999999,50,1.0,0.0,0.0
권민석,두산,2023,0.000,1,2,0,0,0.000,0.000,0.000,0.0,-0.2,"['유격수', '유격수']",-0.025,4,0.0,0.0,-
김민규,두산,2023,-,1,0,0,0,-,-,-,0.0,0.0,0,0.0,0,0.0,0.0,-
김정우,두산,2023,-,1,0,0,0,-,-,-,0.0,0.0,0,0.0,0,0.0,0.0,-
박신지,두산,2023,-,1,0,0,0,-,-,-,0.0,0.0,0,0.0,0,0.0,0.0,-
박정수,두산,2023,-,2,0,0,0,-,-,-,0.0,0.0,0,0.0,0,0.0,0.0,-
박치국,두산,2023,-,1,0,0,0,-,-,-,0.0,0.0,0,0.0,0,0.0,0.0,-
이형범,두산,2023,-,2,0,0,0,-,-,-,0.0,0.0,0,0.0,0,0.0,0.0,-
정철원,두산,2023,-,3,0,0,0,-,-,-,0.0,0.0,0,0.0,0,0.0,0.0,-
최승용,두산,2023,-,2,0,0,0,-,-,-,0.0,0.0,0,0.0,0,0.0,0.0,-
홍건희,두산,2023,-,4,0,0,0,-,-,-,0.0,0.0,0,0.0,0,0.0,0.0,-
